keyword,title,time,content,url
삼성전자,"""삼성전자, 美 반도체기업 특허소송서 1천660억 원 배상 평결""",2024-11-24 17:27:43,"
자료사진
삼성전자가 특허 침해 소송에서 미국 반도체 기업 넷리스트에 1억 1천800만 달러 우리 돈 약 1천660억 원의 배상금을 지급하라는 평결을 받았다고 로이터통신이 보도했습니다.
 로이터에 따르면 현지시간으로 지난 22일 미 텍사스주 마셜 소재 연방법원 배심원단은 고성능 메모리 제품의 데이터처리 개선 기술을 둘러싼 양사의 특허 소송과 관련해 이같이 평결했습니다.
  앞서 넷리스트는 삼성전자의 클라우드 컴퓨팅 서버에 들어가는 메모리 모듈 등이 자사의 특허를 침해했다며 소송을 제기한 바 있습니다.
  하지만 삼성전자는 해당 특허는 무효이며 삼성전자의 기술은 넷리스트 발명 기술과 다르게 작동한다고 반박해 왔습니다.
  또한 삼성전자는 넷리스트가 국제표준을 따르는 데 필요한 기술에 대해 공정한 허가를 제공해야 하는 의무를 위반했다며 미 델라웨어주 연방법원에 소송을 제기한 상태입니다.
  넷리스트는 지난 2000년 LG반도체 출신인 홍춘기 대표가 설립한 회사로, 미국 캘리포니아주 어바인에 본사를 두고 있습니다.
",https://n.news.naver.com/mnews/article/214/0001388513?sid=101
삼성전자,"노동부, '방사선 피폭' 삼성전자 중대재해처벌법 조사 착수",2024-11-24 16:17:08,"
고용노동부 ""15일부터 중대재해 조사 착수""
근로복지공단, 6개월 이상 치료 필요 판단
[서울=뉴시스] 조성봉 기자 = 윤태양 삼성전자 부사장이 지난달 22일 오후 서울 여의도 국회 환경노동위원회에서 열린 근로복지공단, 한국산업안전보건공단 등에 대한 국정감사에서 의원들의 질의에 답변하고 있다. 2024.10.22. suncho21@newsis.com
[세종=뉴시스] 박영주 기자 = 지난 5월 삼성전자 기흥사업장에서 근로자 두 명이 방사선에 노출되는 사고가 발생한 가운데 고용노동부가 삼성전자에 대한 중대재해처벌법 위반 혐의 조사에 착수했다. 
고용노동부 관계자는 24일 ""근로복지공단으로부터 지난 14일 재해자 통보를 받고 다음 날 중대재해 조사에 착수했다""고 말했다.
지난 5월 삼성전자 기흥사업장에서 반도체 웨이퍼 장치를 정비하던 작업자 두 명이 방사선 피폭 피해를 당했다. 방사선 차단 장치인 '인터락'이 제대로 작동되지 않아 방사선에 그대로 노출된 것이다.
중대재해처벌법에 따르면 사망자가 1명 이상 발생, 동일한 사고로 6개월 이상 치료가 필요한 부상자가 두 명 이상 발생, 급성중독 등 대통령령으로 정하는 직업성 질병자가 1년 이내 3명 이상 발생, 동일한 사고로 2개월 이상 치료가 필요한 부상자가 10명 이상 발생, 동일한 원인으로 3개월 이상 치료가 필요한 질병자가 10명 이상 발생할 때 등을 '중대 재해'로 규정한다.
근로복지공단이 방사선 피해를 본 두 사람 모두 6개월 이상 치료가 필요한 것으로 판단함에 따라 중대재해로 전환됐다는 게 고용노동부 설명이다.
그동안 삼성전자는 해당 사고가 업무상 부상이 아닌 '질병'에 해당한다고 주장해 왔다. '질병'으로 판단되면 중대재해처벌법에 적용되지 않기 때문이다. 근로복지공단도 사고 발생 직후 삼성전자의 입장처럼 이를 질병으로 판단했으나, 고용노동부는 '부상'으로 보고 중대재해 발생 미통보 과태료 3000만원을 부과한 상태다．
",https://n.news.naver.com/mnews/article/003/0012921026?sid=102
삼성전자,"엔비디아 젠슨황 ""삼성전자 HBM 승인 위해 최대한 빨리 작업 중""",2024-11-24 10:26:32,"
젠슨 황 엔비디아 최고경영자(CEO)가 18일(현지시간) 미국 캘리포니아 새너제이에서 진행된 엔비디아 주최 연례 개발자 회의 'GTC 2024'에서 생성형 인공지능(AI) 모델을 겨냥한 차세대 그래픽처리장치(GPU) 블랙웰(제품명 B200)을 공개하고 있다. 2024.3.18. ⓒ AFP=뉴스1 ⓒ News1 김성식 기자
(서울=뉴스1) 강민경 기자 = 인공지능(AI) 칩 선두 주자 엔비디아의 젠슨 황 최고경영자(CEO)가 23일(현지시간) ""삼성전자의 인공지능(AI) 메모리 칩 납품 승인을 위해 최대한 빠르게 작업하고 있다""고 밝혔다.
홍콩 과학기술대 명예박사 학위 수여식에 참석하기 위해 홍콩을 방문 중인 황 CEO는 이날 블룸버그TV와 만나 이같이 말했다. 엔비디아는 현재 삼성전자의 5세대 고대역폭 메모리(HBM)인 HBM3E 8단과 12단에 대해 품질 검증 절차를 진행하고 있다. 
앞서 삼성전자 측은 지난달 31일 3분기 실적 콘퍼런스콜에서 ""현재 주요 고객사 퀄 테스트 과정상 중요한 단계를 완료하는 유의미한 진전을 확보했다""며 ""4분기 중 (HBM3E) 판매 확대가 가능할 것으로 전망된다""고 말했다.
다만, 블룸버그통신은 황 CEO가 최근 3분기(8∼10월) 실적 발표 이후 콘퍼런스콜에서 메모리 공급업체로 SK하이닉스와 마이크론 등을 언급했으나 삼성전자는 거론하지 않았다고 보도했다. 현재 엔비디아 AI 반도체에 들어가는 HBM은 대부분 SK하이닉스로부터 공급받고 있다.
		",https://n.news.naver.com/mnews/article/421/0007924470?sid=104
삼성전자,"전 세계 AI 보안 기술 특허, 10년새 40배↑…삼성전자 6위",2024-11-24 12:01:22,"
        전 세계 인공지능(AI) 보안 기술 특허 출원이 최근 10년 간 40배가 늘어난 것으로 집계됐다. 국내 기업 중에는 삼성전자가 특허 출원 수로 6위에 올랐다.
특허청은 2012년부터 2021년까지 한국과 미국, 일본, 중국, 유럽에 출원된 AI 보안 기술 특허 출원을 분석한 결과를 24일 발표했다. 2012년에는 전 세계 관련 특허 출원이 37건에 불과했지만, 2021년에는 1492건에 달했다.
국가별로 보면 미국이 2987건(45.9%)으로 가장 많았고, 중국이 1961건(30.2%), 한국이 492건(7.6%), 일본 225건(3.5%) 순이었다.
AI 보안 기술은 크게 두 가지 분야로 나뉜다. AI를 활용하여 해킹을 탐지하고 예방하는 ‘AI 활용 해킹 탐지 기술’과 AI 시스템에 대한 공격을 차단하는 ‘AI를 위한 보안 기술’이다. AI 활용 해킹 탐지 기술은 전체 AI 보안 기술의 85%를 차지하는 주요 기술이지만, 2019년 이후 특허 출원 증가세가 둔화됐다. 반면 AI를 위한 보안 기술은 최근 5년간 특허 출원이 연평균 68.1% 늘고 있다.
기업별로 보면 IBM, 스트롱포스와 같은 미국 기업들이 상위 10개 중 9개를 차지했다. 국내 기업 중에는 삼성전자가 6위를 기록했다. 사용자 인증 분야로만 좁혀서 보면 삼성전자와 LG전자가 각각 1위와 6위를 차지하였다.
전범재 특허청 인공지능빅데이터심사과장은 “AI의 활용과 디지털 전환이 일상화된 시대에서 AI 보안 기술은 국가 안보뿐만 아니라 우리 일상을 지키는 필수 기술”이라며 “특허청은 급성장하는 AI 보안 기술 분야에서 우리 기업이 핵심 특허를 확보할 수 있도록 산업계가 필요로 하는 특허 분석 자료를 적시에 제공하도록 노력하겠다”고 말했다.
",https://n.news.naver.com/mnews/article/366/0001034568?sid=105
삼성전자,"삼성전자 노조, 집행부 불신임 투표…'책임론' 불거져",2024-11-22 17:19:36,"
내달 6일까지 불신임 투표 진행
찬성 50% 이상시 집행부 총사퇴
[화성=뉴시스] 김종택 기자 = 삼성전자 최대 노조인 전국삼성전자노동조합(전삼노)이 총파업에 돌입한 8일 경기도 화성시 삼성전자 화성사업장 정문 앞에서 총파업 결의대회에 참가한 조합원들이 구호를 외치고 있다. 2024.07.08. jtk@newsis.com
[서울=뉴시스]이지용 기자 = 삼성전자의 최대 노조인 전국삼성전자노동조합(전삼노)이 2023·2024년 임금협약 잠정안 부결과 관련해 노조 집행부의 책임을 묻는 불신임 투표를 실시한다.
노조원들 사이에서 최근 부결된 잠정합의안에 대한 불만이 커지면서 집행부에 대한 책임론이 불거지고 있다.
22일 전삼노는 노조 홈페이지를 통해 오는 29일부터 내달 6일까지 '집행부 불신임' 투표를 진행한다고 밝혔다.
투표 결과 현 집행부 사퇴(불신임) 찬성률이 50% 이상이면 현 집행부는 총사퇴하게 된다. 전삼노 규약에는 불신임 결의는 3분의2(66.6%) 이상의 찬성으로 효력이 발생한다. 하지만 현 집행부는 2분의1(50%) 이상의 찬성 시 사임하기로 결정한 상태다.
반대로 불신임 찬성률이 50% 미만이면 현 집행부는 업무를 계속 진행하고 사측과 교섭을 재개한다.
앞서 삼성전자 노사는 지난 14일 임금협약 잠정 합의안을 도출했다. 노사는 임금인상 5.1%, 장기근속 휴가 확대, 패밀리넷 200만 포인트 전 직원 지급 등의 내용을 담은 잠정안에 합의했다.
하지만 전삼노 조합원 투표에서 이 잠정 합의안은 부결됐다. 
전삼노 노조원들은 모든 직원에게 패밀리넷 200만 포인트를 지급하는 안에 대해 크게 반발하는 것으로 알려졌다. 패밀리넷은 자사 제품을 구매할 수 있는 포인트다.
이와 함께 임금 인상률 5.1%(기본인상률 3%·성과인상률 2.1%)에 대해서도 불만이 적지 않았다는 후문이다. 물가상승률을 고려하면 이는 적은 인상폭으로 임금 산정 기준을 재검토해야 한다는 의견이 많았고 이는 반대표로 이어졌다.
임금협상이 내년으로 넘어갈 가능성이 커지면서 삼성전자 노사 교섭은 앞으로 난항을 겪을 것이라는 관측이 지배적이다. 내년이 되면 3년치(2023·2024·2025년) 임금협상을 해야 해 양측 합의는 더 어려워질 수 있다.
",https://n.news.naver.com/mnews/article/003/0012919742?sid=101
삼성전자,"오픈AI, 삼성전자에 '러브콜'...""기능 탑재 논의""",2024-11-22 08:35:09,"
챗GPT 개발사 오픈AI가 삼성전자 제품에 자사의 인공지능(AI) 기능을 탑재하는 방안을 놓고 논의했다는 외신 보도가 나왔다.
정보기술(IT) 매체 디인포메이션은 21일(현지시간) 소식통을 인용해 이같은 내용을 보도했다고 로이터 통신이 전했다.
디인포메이션은 오픈AI가 챗봇 기능을 결합한 웹브라우저를 개발하는 방안도 검토 중이라고 전했다.
구글과 오픈AI, 삼성전자 측은 로이터의 논평 요청에 입장을 밝히지 않은 상태다.
(사진=연합뉴스)
",https://n.news.naver.com/mnews/article/215/0001188762?sid=004
삼성전자,삼성전자 3Q 글로벌 TV 시장 점유율 29%…19년 연속 1위 눈앞,2024-11-20 15:25:39,"
옴디아 발표…초프리미엄 제품 시장 점유율은 49.2%
삼성전자 Neo QLED 8K 제품.(삼성전자 제공) ⓒ News1 한재준 기자
(서울=뉴스1) 한재준 기자 = 삼성전자(005930)가 프리미엄 TV 시장에서 높은 점유율을 바탕으로 19년 연속 글로벌 1위 달성을 눈앞에 두고 있다. 
20일 시장조사업체 옴디아가 발표한 '3분기 글로벌 TV 시장' 실적에 따르면 삼성전자의 3분기 시장 점유율(누적 매출 기준)은 28.7%로 1위로 집계됐다. 수량 기준 점유율도 18.1%로 1위다. 
삼성전자는 2500달러 이상 프리미엄 제품 시장에서 네오 QLED와 라이프스타일 TV 등 고가 제품을 앞세워 49.2%의 매출 점유율을 기록했다. 
75형 이상 초대형 시장에서도 점유율 29.4%(매출 기준)로 1위 자리를 지켰다. 80형 이상 초대형 시장에서는 32.7%의 매출 점유율을 기록했다. 
삼성전자는 올해 3분기 QLED와 올레드(OLED) TV를 각각 566만대, 94만대 판매했다. 
QLED TV는 3분기 누적 판매량이 1447만대로 전년 동기(1096만대) 대비 30% 증가했다. 
OLED TV 판매량은 올해 398만 대로 전년 동기(371만 대) 대비 7.3% 성장했다. 올레드 TV 시장 점유율은 27.3%로 2위다. 
한편 올해 3분기 글로벌 TV 시장 누적 매출 규모는 701억 4000만 달러로 전년 동기(701억 3900만 달러)와 비슷한 수준을 보였다. 
글로벌 TV 시장은 지난해 대비 매출 및 판매 모두 소폭 증가했지만 증가 폭이 크지 않아 정체가 지속되고 있다.
		",https://n.news.naver.com/mnews/article/421/0007918951?sid=101
삼성전자,삼성전자 바닥 다졌다?…증권가 “하방 지지선 형성” 한목소리,2024-11-18 16:55:08,"
“중장기 상승 위해선 실적 중요”
 (연합뉴스)
삼성전자가 주주가치 제고를 위해 10조원 규모 자사주 매입을 결정한 데 대해 증권가는 단기 주가 반등 계기가 될 것으로 전망했다. 중장기 주가는 실적 개선 여부를 확인해야 한다는 분석이다.
삼성전자는 지난 11월 15일 이사회를 열어 향후 1년간 총 10조원 규모 자사주를 분할 매입하는 계획을 밝혔다. 이 중 3조원어치는 18일부터 내년 2월 17일까지 3개월 이내에 장내 매수해 소각할 계획이다. 지난 2017년 9조3000억원 규모 자사주 매입 이후 7년 만이다.
이종욱 삼성증권 애널리스트는 “주가 안정을 위해 자사주를 매입했던 2014년 사례와 유사하다”며 “당시 3개월간 주가가 15.5% 하락하며 52주 신저가를 기록하고 있었으나 자사주 매입 발표 이후 3개월간 주가가 14.5% 상승했다”고 분석했다. 그러면서 “무엇보다 자사주 매입 결정으로 액면분할 전 주가 기준 110만원(현 주가 2만2000원 수준)에서는 기업 주주가치 제고 정책이 나타날 수 있다는 믿음으로 주가의 하방 지지선이 형성됐다”고 설명했다.
김동원 KB증권 애널리스트는 “2010년 이후 삼성전자 주가가 주가순자산비율(PBR) 1배를 하회한 것은 2024년을 포함하면 총 5번으로 이 중 자사주 매입 결정 후 과거 주가 추이 사례를 감안하면 삼성전자 주가는 단기 상승세를 시현하며 반등 계기로 분명히 작용했다”고 짚었다.
반면 일부 애널리스트는 “추가 하락을 억제하는 효과는 있을 것”이라면서도 주가 상승 전망에 신중한 입장이다. 특히 자사주 매입이 최근의 급락 분위기를 완전히 반전시키지는 못할 것이라는 분석이다.
류영호 NH투자증권 애널리스트는 “과거 사례를 살펴보면 자사주 매입보다는 결국 실적이 주가 방향성을 결정해왔다”며 “지속적인 주가 상승을 위해서는 단기적으로는 메모리 업황 개선, 고대역폭 메모리(HBM) 부문 개선, 어드밴스드 공정으로 빠른 전환이 필요하며 중장기적으로는 기술 경쟁력 회복 및 파운드리 부분 발전이 필요하다”고 평가했다.
김동원 애널리스트는 “중장기 관점 주가 상승 모멘텀은 내년 HBM4 주도권 확보를 통한 시장 조기 진입과 DDR4, DDR5 등 범용 메모리 재고의 뚜렷한 감소세가 될 것”이라고 말했다.
오늘 삼성전자 주가는 전일 대비 3200원(5.98%) 오른 5만6700원으로 마감했다.
",https://n.news.naver.com/mnews/article/024/0000093007?sid=101
삼성전자,"""지금 사도 될까요?""…삼성전자 10조 자사주 매입, 전문가는 이렇게 봤다",2024-11-18 09:59:12,"
삼성전자 10조원 자사주 매입
""단기 반등 가능···실적 개선 없인 한계""
삼성전자. 연합뉴스
[서울경제] 
삼성전자가 10조원 규모의 자사주 매입을 단행한다고 밝힌 가운데 증권가에서는 주가 반등의 계기가 될 것이란 전망이 나왔다. 다만 반도체 업황 회복과 실적 개선이 동반되지 않으면 지속적인 상승은 어려울 것이란 분석이다.
삼성전자는 18일부터 향후 1년간 10조원 규모의 자사주를 매입할 계획이다. 우선 3개월 동안 3조원 규모(보통주 5014만4628주, 우선주 691만2036주)의 자사주를 장내 매수해 전량 소각하기로 결정했다.
KB증권 김동원 연구원은 ""주가순자산비율(PBR) 1배를 5일 연속 하회한 후 결정된 이번 자사주 매입은 2015년(11조3000억원)과 2017년(9조3000억원) 이후 세 번째""라며 ""과거 사례를 보면 자사주 매입 이후 주가는 뚜렷한 단기 상승세를 보였다""고 분석했다.
삼성증권 이종욱 연구원은 ""이번 결정은 주가 5만원대 하방 지지선을 확인시키는 계기가 될 것""이라며 ""2014년 주가 안정화를 위한 자사주 매입과 유사한 성격""이라고 설명했다. 이어 ""장기적 주가 상승은 주당순이익 성장에 달려있으며, 기술 경쟁력 회복 과정에서 투자자 신뢰도 되찾을 것""이라고 덧붙였다.
증권가에서는 그러나 단기 반등 이상의 효과를 기대하기는 어렵다는 의견이 지배적이다. 과거 유사 사례에서도 일시적 반등에 그쳤으며, 중장기 상승의 핵심은 결국 반도체 업황 회복이었다는 분석이다.
NH투자증권 류영호 연구원은 ""자사주 매입은 주가 하방 경직성 확보에는 도움이 되나, 지속적 상승을 위해서는 메모리 업황 개선과 HBM 부문 성과, 어드밴스드 공정 전환 가속화가 필수""라고 강조했다.
일부에서는 단기 상승 효과마저 제한적일 수 있다는 관측도 제기됐다. 메리츠증권 김선우 연구원은 ""지난 15일 7% 상승한 점과 과거 대비 매입 규모가 크지 않은 점, 향후 상시 운영 여부가 불확실한 점 등이 변수""라며 ""주가 반응이 즉각적이기보다는 점진적으로 나타날 것""이라고 전망했다.
",https://n.news.naver.com/mnews/article/011/0004416522?sid=101
삼성전자,"10조 매입 효과 끝?…삼성전자, 약보합 마감[핫스탁](종합)",2024-11-19 15:50:37,"
[서울=뉴시스] 이영환 기자 = 서울 서초구 삼성전자 서초사옥. 2024.07.31. 20hwan@newsis.com
[서울=뉴시스] 박주연 기자 = 10조원대 자사주 매입 소식에 2거래일 연속 급등했던 삼성전자 주가가 19일 약보합으로 장을 마쳤다. 
삼성전자 주식은 이날 유가증권시장에서 전 거래일보다 0.71% 하락한 5만6300원에 거래를 마무리했다. 
삼성전자는 0.35% 하락한 5만6500원에 거래를 시작, 장중 한때 1.41% 오른 5만7500원까지 상승했지만 오후 들어 하락 반전했다. 
외국인이 1265억원의 주식을 순매도, 주가 하락을 이끌었다. 
삼성전자는 지난 15일 주주가치 제고를 위해 향후 1년간 10조원 규모의 자사주를 매입할 계획이라고 공시했다.
4년5개월 만에 4만원대로 내려앉았던 삼성전자 주가는 공시 당일 7.21%, 지난 16일 5.98% 각각 상승했다. 
증권가에서는 삼성전자 자사주 매입 결정이 단기적 주가 상승을 이끌 모멘텀으로 작용할 것이라고 관측하면서도 중장기적으로는 반도체 업황 회복에 따른 실적 개선이 관건이 될 것이라고 분석하고 있다.
업황 하락 사이클이 이제 막 시작된 만큼 경쟁력 회복을 확인해야 한다는 분석이다.
iM증권 송명섭 연구원은 ""업황 하락 싸이클이 이제 막 시작됐으며 삼성전자의 본원 경쟁력 회복을 확인하기까지 시간이 필요하다""며 ""주식 본격 매수 시기는 아직 아닌 것으로 판단된다""고 밝혔다.
송 연구원은 ""삼성전자의 분기 영업이익은 내년 1분기부터 하락세에 접어들 것""이라며 ""내년 1분기부터 DDR4, 낸드 가격 급락과 DDR5 하락의 개시가 발생할 것""이라고 내다봤다.
대신증권 신석환 연구원은 ""삼성전자가 우려를 하나씩 해소해 가는 중""이라며 ""4분기 주요 고객사향 8단 HBM3E 퀄 테스트 통과, 내년 1분기 8단 HBM3E 양산 개시 예정으로, 12단 HBM3E는 내년 2분기부터 양산에 돌입할 것""이라고 내다봤다.
NH투자증권 류영호 연구원은 ""삼성전자 주가는 장부가치 이하까지 가파르게 하락하며 연초대비 31.8% 하락했다""며 ""동종업계의 SK하이닉스가 25.9%, 마이크론이 16.2% 각각 상승한 것을 고려하면 큰 폭의 하락""이라고 설명했다.
류 연구원은 ""과거 사례를 살펴보면 자사주 매입 보다는 결국 실적이 주가의 방향성을 결정했다""며 ""향후 지속적 주가 상승을 위해서는 단기적으로는 메모리 업황 개선, HBM 부문의 개선, 어드밴스드 공정으로의 빠른 전환이 필요하며 중장기적으로는 기술 경쟁력 회복 및 파운드리 부분의 발전이 필요하다""고 언급했다．
",https://n.news.naver.com/mnews/article/003/0012912591?sid=101
LG에너지솔루션,"LG에너지솔루션, 정기 임원인사…한웅재 법무실장 부사장 승진 등",2024-11-21 15:05:37,"
10일 서울 영등포구 여의대로 LG에너지솔루션 본사. 사진=강진형 기자aymsdream@
LG에너지솔루션이 2025년 정기 임원인사를 단행했다.
LG에너지솔루션은 21일 이사회를 열고 ▲부사장 승진 1명 ▲전무 승진 2명 ▲상무 신규선임 10명 ▲수석연구위원(상무) 신규선임 1명을 포함한 총 14명의 2025년 임원 승진안을 결의했다.
2025년 임원 인사 승진 규모는 글로벌 전기차 시장 수요 둔화 등 위기 상황 극복을 위해 지난해 24명(부사장 1명, 전무 4명, 상무급 19명) 대비 대폭 축소됐다.
LG에너지솔루션은 이번 인사의 특징에 대해 근본적 경쟁 우위 확보 및 미래 준비 강화를 위한 ▲R&D(연구개발) 경쟁력 제고 ▲제품/품질 경쟁우위 확보 ▲구조적 원가 경쟁력 강화 ▲미래기술 및 사업모델 혁신 관점의 조직역량 강화 등에 초점을 맞췄다고 밝혔다. 
다음은 승진자 명단.
◇ 부사장 승진
▲ 한웅재 법무실장
◇ 전무 승진
▲ 은기 미국 GM JV생산법인장
▲ 이한선 특허그룹장
◇ 상무 신규선임
▲ 권득용 김용술 배상헌 송창우 송충섭 안창범 윤성수 정경환 정재욱 최지웅
◇ 수석연구위원 신규선임
▲ 성주환
",https://n.news.naver.com/mnews/article/277/0005504211?sid=101
LG에너지솔루션,배당 늘리고 ROE 올리고…LG 계열사들 '밸류업' 힘준다(종합),2024-11-22 16:39:11,"
지주사 ㈜LG 등 LG 계열사들 일제히 '밸류업 계획' 공시
자사주 소각, 신사업 강화, 배당 확대, ROE 상향 등 제시
[이데일리 김정남 기자] LG그룹 각 계열사들이 기업가치 제고(밸류업) 계획을 일제히 공시했다. 주주 환원을 확대하고 미래 신사업에 드라이브를 거는 등의 내용이 골자다.
22일 업계에 따르면 LG그룹 지주사인 ㈜LG를 비롯해 LG디스플레이, LG에너지솔루션, LG화학, LG이노텍은 이날 밸류업 계획을 잇따라 공시했다.
㈜LG(003550)는 주주 환원 확대를 위해 5000억원 규모의 자사주를 오는 2026년까지 전량 소각하기로 했다. 소각 계획인 자사주는 보통주 605만9161주다. 또 기존에 분할 단주로 취득한 자사주(보통주 4만9828주, 우선주 1만421주) 역시 2025년 정기주주총회 승인을 전제로 전량 소각을 추진할 예정이다.
㈜LG는 아울러 2022년부터 시행했던 ‘별도 재무제표 기준 당기순이익(일회성 비경상 이익 제외)의 50% 이상 주주 환원’ 배당정책을 내년부터 60%로 기존 대비 10%포인트 상향하기로 했다. 또 내년부터 기존 연 1회 지급하던 배당금은 중간 배당 정책을 도입해 연 2회 지급하기로 했다. 
구광모 LG그룹 회장(가운데). (사진=LG)
LG디스플레이(034220)는 밸류업을 위한 기본 방침을 본연 경쟁력 강화로 정하고, 내년 영업이익 흑자 전환을 최우선 과제로 추진하기로 했다. LG디스플레이는 지난 2022년 2분기부터 계속 분기 영업손실을 내고 있다. 재무구조 개선을 위해서는 차입금 규모를 축소한다는 방침이다. 총차입금을 지난해 3분기 17조5000억 원에서 올해 3분기 14조8000억 원으로 줄였고, 향후 13조원대로 줄일 계획이다.
LG에너지솔루션(373220)은 전기차 배터리와 에너지저장시스템(ESS)을 중심으로 2028년까지 매출을 지난해(33조7000억원) 대비 두 배 이상 성장시키겠다는 청사진을 내놨다. 특히 북미, 유럽, 아시아 등에 걸쳐 배터리 생산능력을 500기가와트시(GWh) 이상으로 확대할 계획이다. 지난해 말 기준 생산능력 280GW 대비 두 배가량 높다. LG에너지솔루션은 동시에 비(非)배터리 사업을 확대해 매출 비중을 10% 중반대에서 20~25%대로 확대한다는 방침이다. 
LG화학(051910)은 2030년 매출 50조원을 목표로 제시했다. 친환경 소재, 종합 전지 소재, 혁신 신약 등을 3대 신성장 동력으로 해, 이들 사업의 비중을 50%까지 상향한다는 계획이다.
아울러 2028년부터 자기자본이익률(ROE)을 10% 이상으로 끌어올리겠다고 밝혔다. ROE는 당기순이익을 자본총계로 나눈 값이다. 기업이 자기자본을 통해 얼마만큼의 이익을 냈는지 보여주는 대표적인 수익성 지표다.
LG이노텍(011070)은 2030년까지 △ROE 15% 이상 향상 △육성사업 매출 8조원 이상 달성 △배당성향 20% 확대 등을 골자로 하는 밸류업 계획을 발표했다.
LG이노텍은 지난해 ROE 12%를 기록하며 전기전자 업계 평균 대비 높은 수준을 유지해 왔는데, 이를 더 끌어올리겠다는 것이다. 아울러 현재 연결 당기순이익 10% 이상으로 유지하고 있는 배당정책을 회계연도 기준 2027년 15%, 2030년 20%까지 각각 높일 예정이다. LG이노텍 관계자는 “수익성 강화와 육성사업 성장을 통해 기업가치를 지속적으로 높여나갈 것”이라고 했다.
",https://n.news.naver.com/mnews/article/018/0005891530?sid=101
LG에너지솔루션,자사주소각·중간배당도입…7개 LG그룹사 주주환원책 일제히 내놔,2024-11-22 17:29:08,"
■밸류업 힘 실은 LG
㈜LG, 2026년까지 자사주 5000억 소각
생건도 3년간 자사주 3014억 소각
U+, 주주환원율 최대 60% 달성
이노텍은 2030년 ROE 15% 목표
""신사업 강화로 미래성장동력 확보""
엔솔, 4년후 매출 2배로 확대 계획
서울 여의도 LG트윈타워. 뉴스1
[서울경제] 
22일 그룹 지주사인 ㈜
LG(003550)
를 포함한 주요 계열사 7곳이 ‘기업가치 제고 계획’을 일제히 발표했다. LG그룹이 자사주 소각부터 배당 확대, 실적 개선 등 다양한 주주 환원책을 내놓으면서 연말 다른 대기업으로 밸류업 웨이브가 퍼져나갈 것이라는 기대감이 나온다.
먼저 ㈜LG와 
LG생활건강(051900)
은 자사주 소각을 통한 주주 환원을 추진한다. ㈜LG는 2026년까지 총 5000억 원 상당의 자사주를, LG생활건강은 2027년까지 자사주 3014억 원어치를 전량 소각할 계획이다. 여기에 ㈜LG는 배당성향을 기존 50%에서 60% 이상으로 끌어올리고 중간배당 정책을 새롭게 도입한다. LG생활건강 역시 배당성향을 30% 이상으로 상향하고 중간배당을 실시할 예정이다.
LG에너지솔루션(373220)
과 
LG화학(051910)
은 매출 확대를 최우선 목표로 내세웠다. 먼저 LG에너지솔루션은 2023년(33조 7455억 원) 대비 2028년 매출 2배 성장을 달성하겠다는 방침이다. LG화학은 2030년까지 3대 신성장동력 사업 비중을 50%까지 끌어올려 매출을 50조 원(LG에너지솔루션 제외)으로 확대한다는 계획을 밝혔다.
지난해 4분기 ‘깜짝 흑자’를 달성한 후 적자의 늪에 빠진 
LG디스플레이(034220)
는 수익성 개선에 초점을 맞췄다. 먼저 내년에 영업이익 흑자 전환을 달성한 후 연간 당기순이익 턴어라운드에 도전한다. 또 차입금 규모를 13조 원대로 축소하는 등 재무구조 개선도 적극 추진할 예정이다.
LG유플러스(032640)
와 
LG이노텍(011070)
은 자기자본이익률(ROE) 제고를 1순위 밸류업 정책으로 제시했다. LG유플러스는 8~10%, LG이노텍은 2030년까지 ROE를 15% 이상으로 끌어올린다는 목표를 내놓았다. 여기에 LG유플러스는 주주 환원율 40~60%, LG이노텍은 2030년까지 배당성향을 20%까지 끌어올리겠다는 방침을 내세웠다.
LG그룹은 이 같은 밸류업 목표 달성을 위한 구체적인 청사진도 공개했다. ㈜LG는 미래 성장동력으로 점찍은 인공지능·바이오·클린테크(ABC) 영역에서 투자 성과를 창출해 수익성을 제고하기로 했다.
LG이노텍은 앞으로 전략적 생산지를 재편하고 인공지능(AI)·디지털전환(DX)을 활용한 원가 경쟁력 제고에 방점을 찍었다. LG유플러스 역시 ‘AX(AI 전환) 컴퍼니’로의 사업구조 전환에 속도를 내기로 했다. 이를 위해 전 사업 영역에 AI를 도입, 생산성을 높이고 자원 배분의 효율성을 극대화한다는 계획이다.
LG에너지솔루션은 사업 포트폴리오를 더 짜임새 있게 구축한다는 복안을 내놓았다. 이를 위해 비전기차(Non EV) 부문을 확대하기로 했다. LG화학은 친환경 소재를 중심으로 지속 가능한 사업을 육성하고 동시에 글로벌 혁신 신약 개발에도 뛰어든다. LG생활건강은 적극적인 인수합병(M＆A) 등을 통해 새 성장동력을 마련하는 데 힘쓰기로 했다. 마지막으로 LG디스플레이는 현금 흐름을 중심으로 재무관리를 강화하고 투자 효율성을 높일 계획이다.
LG그룹이 동시에 밸류업 계획을 발표하자 주가도 화답했다. 이날 그룹에서 시가총액이 가장 높은 LG에너지솔루션은 전날 대비 4500원(1.12%) 오른 40만 5000원에, LG생활건강은 3.66% 상승한 32만 5500원에 각각 장을 마쳤다. 이어 LG유플러스(1.93%), LG화학(1.19%), LG(0.79%) 등도 상승 마감했다. 반면 LG이노텍(-0.18%)과 LG디스플레이(-0.81%)는 소폭 하락했다. 이선엽 신한투자증권 이사는 “재계에서 그룹의 대표 계열사들이 같은 날 대거 밸류업 공시를 한 것은 LG가 사실상 처음인 것 같다”며 “LG그룹의 이번 발표를 계기로 재계의 밸류업 동참 기조가 확산될 수 있을 것”이라고 기대했다. 이어 “증시 주변의 유동성 부족 등으로 한국 증시가 부진한 상황에서 국내 주요 그룹의 주주 친화적 정책 발표는 분위기 반전에 도움을 줄 것으로 본다”고 강조했다.
",https://n.news.naver.com/mnews/article/011/0004418575?sid=101
LG에너지솔루션,"LG화학 ""2030년 배터리 제외 매출 50조원 달성""",2024-11-22 13:50:16,"
LG화학이 LG에너지솔루션을 제외하고 2030년 매출 50조원을 달성하겠다고 밝혔습니다.
LG화학은 3대 신성장 동력 육성을 통해 지속적인 성장을 추진하겠다며 이같은 내용의 '기업가치 제고 계획'을 오늘(22일) 발표했습니다.
매출 증대와 함께 현재 매출의 23% 수준인 3대 신성장동력 사업(Sustainability, 전지재료, 신약)을 2030년까지 4배 이상 성장시켜 50% 수준까지 상향하겠다고 언급했습니다.
자기자본이익률, ROE는 LG에너지솔루션을 제외하고 2028년까지 10% 이상 달성을 목표로 하겠다고 강조했습니다. 최근 석유화학 산업 사이클의 저하로 지난해 기준 ROE는 2% 수준을 기록하고 있습니다.
이를 위해 석유화학 사업본부는 고부가 제품 위주로 사업구조를 재편합니다. 범용 한계사업 포트폴리오 조정 등 사업가지 제고를 위한 다양한 방안을 검토할 계획입니다.
전지소재 사업본부는 고객 다변화에 나섭니다. 2030년까지 LG에너지솔루션을 제외한 외부 판매 비중을 40% 이상으로 끌어올린다는 계산입니다.
LG화학은 또 수익 창출 본격화에 따라 배당규모를 확대하겠다고 밝혔습니다. 현금흐름이 개선되고, ROE 10% 이상 달성에 성공할 경우 배당 성향을 30%로 확대한다는 방침입니다.
당신의 제보가 뉴스로 만들어집니다.
SBS Biz는 여러분의 제보를 기다리고 있습니다.
홈페이지 = https://url.kr/9pghjn
",https://n.news.naver.com/mnews/article/374/0000412040?sid=101
LG에너지솔루션,"LG, 신규 임원 23% ABC 분야서 발탁…'미래성장' 위해 변화 속도",2024-11-21 17:36:48,"
AI 분야 임원 3명은 1980년대생…R&D·여성 임원은 역대 최다 
사장 승진 2명 등 총 121명 승진…조직 슬림화·승진 규모 축소 
(서울=연합뉴스) 장하나 기자 = 취임 7년차를 맞은 구광모 LG그룹 회장이 인공지능(AI)과 바이오, 클린테크 등 'ABC' 분야를 중심으로 인사를 단행하며 미래 준비에 속도를 낸다.
    전체 승진 규모는 지난해보다 줄었지만, AI 분야에서 전문성을 갖춘 1980년대생 3명을 임원으로 선임하는 등 신규 임원의 23%를 ABC 분야에서 발탁하며 미래 성장을 위해 변화의 속도를 높이는 데 방점을 찍었다.
지난 9월 LG 사장단 워크숍에 참석한 구광모 회장
[㈜LG 제공. 재판매 및 DB 금지]
    ㈜LG와 각 계열사는 21일 이사회를 열고 이 같은 내용을 골자로 하는 2025년 임원 인사를 실시했다고 밝혔다.
    이번 임원 인사는 ABC 분야를 중심으로 미래 준비를 철저히 하고 각 분야에서 역량과 성과를 입증한 인재를 적재적소에 배치해 변화를 가속하는 데 중점을 뒀다.
    여기에는 도전적 목표를 세워 변화와 혁신에 속도를 높일 것을 강조한 구광모 회장의 경영 철학이 반영됐다.
    구 회장은 앞서 지난 9월 사장단 워크숍에서 ""기존에 해오던 방식을 넘어 최고, 최초의 도전적인 목표를 세워 LG의 미래에 기록될 역사를 만들어야 한다""고 강조한 바 있다.
    이에 따라 차별화된 미래 사업 역량 확보와 성장 기반 구축을 위해 전체 신규 임원의 23%인 28명을 ABC 분야에서 발탁했다. 
    특히 이문태 LG AI연구원 어드밴스드 ML 랩장(수석연구위원)과 이진식 엑사원 랩장(수석연구위원), 조현철 LG유플러스 상무 등 AI 분야에서 글로벌 수준의 연구 역량을 갖춘 1980년대생 3명을 임원으로 신규 선임했다.
    미래 사업 역량 확보를 위해 연구개발(R&D) 분야 차세대 리더십도 강화했다. 신규 임원 21명을 포함해 그룹 R&D 임원 수는 218명으로 늘어 역대 최다를 기록했다.  
    아울러 글로벌 경쟁 격화에 따른 특허 관리 체계 구축과 특허 조직의 역할 강화를 위해 특허 전문가 2명(조휘재 LG전자 부사장·이한선 LG에너지솔루션 전무)을 승진시켰다.
LG유플러스, 신임 CEO에 홍범식 사장…4년만 수장 교체
[LG유플러스 제공. 재판매 및 DB 금지] photo@yna.co.kr
    지난해 말 인사에서 LG에너지솔루션을 비롯한 일부 계열사의 최고경영자(CEO)를 교체한 만큼 이번에는 글로벌 시장 환경 변화와 경영 환경 불확실성을 감안해 최고경영진 대부분을 유임시켰다. 
    이번 인사를 앞두고 조주완 LG전자 사장과 정철동 LG디스플레이 사장의 부회장 승진 가능성이 거론됐으나, 올해도 부회장 승진자는 나오지 않았다. 2018년 구 회장 취임 당시 6명이던 부회장단은 현재 2명(권봉석 ㈜LG 부회장·신학철 LG화학 부회장)으로 줄어든 상태다. 
    LG는 대신 LG유플러스 신임 CEO에 홍범식 사장을 선임하고, 사업본부장 3명을 신규 보임하며 사업 경쟁력과 미래 신사업을 강화하는 데에 중점을 뒀다. 
    LG전자는 ES사업본부를 신설하고 신임 본부장에 이재성 부사장을 선임했으며, LG화학은 석유화학사업본부장과 첨단소재사업본부장에 각각 김상민 전무와 김동춘 부사장을 선임하는 세대교체를 단행했다.
김영락 LG전자 한국영업본부장(사장)
[LG전자 제공. 재판매 및 DB 금지] photo@yna.co.kr
    김영락 LG전자 한국영업본부장은 가전 구독 사업과 온라인 브랜드 숍 매출 확대를 통한 수익성 개선, 현신균 LG CNS CEO는 AI 등 디지털 신기술 기반 디지털전환(DX) 사업 성과를 각각 인정받아 사장으로 승진했다. 
    전체 승진 규모는 지난해(139명)보다 18명 줄어든 121명이다. 이중 신규 임원은 지난해(99명)보다 13명 줄어든 86명으로 집계됐다. 신규 임원의 평균 연령은 지난해와 같은 49세다. 
    LG는 ""빠른 의사 결정이 가능하도록 임원 조직을 슬림화해 구조적 경쟁력 강화의 기반을 구축했다""고 설명했다. 
    이번 인사에서는 김지연 LG전자 한국영업본부 한국영업CX담당(상무) 등 여성 임원 7명이 신규 선임됐다. 이에 따라 LG 내 여성 임원 수는 2018년 29명에서 역대 최다인 65명으로 늘어났다.  
    1980년대생 임원 수는 총 17명으로 늘어 5년간 3배 증가했다. 경쟁력 있는 젊은 인재에게 성장 잠재력을 발휘할 기회와 환경을 제공해 변화의 속도를 내기 위한 취지다.  
    LG는 또 북미 외교 전문가로 꼽히는 고윤주 전 제주특별자치도 국제관계대사를 비롯해 올해 전문성을 갖춘 외부 인재 10명을 영입해 LG 내 각 분야에 필요한 역량을 확보하고 새로운 시각을 접목할 수 있도록 했다고 설명했다.
    한편 ㈜LG는 이상우 전무를 부사장으로 승진시켜 경영관리부문장 겸 전자팀장으로, 이장환 책임을 상무로 승진시켜 비서팀장으로 선임했다. LG사이언스파크 신임 대표에는 정수헌 LG유플러스 컨슈머부문장이 선임됐다.
    hanajjang@yna.co.kr
",https://n.news.naver.com/mnews/article/001/0015060599?sid=101
LG에너지솔루션,'안정'에 방점 찍은 LG그룹…미래 준비 더욱 속도 낸다,2024-11-21 17:47:09,"
21일 LG그룹 인사·조직개편 발표
변화보단 안정 택해…경영진 대부분 유임
사업 경쟁력·신사업 강화 포석 소폭 변화
/그래픽=비즈워치
LG그룹이 21일 정기인사와 조직개편을 발표했다. 지난해 큰 폭의 세대교체를 감행한 만큼, 올해는 안정에 초점을 맞췄다. 안정 속에서도 사업 경쟁력과 미래 신사업 강화를 위한 소폭의 변화도 줬다. 
미래 신성장동력 키울 인재 발탁
올해 LG그룹의 임원 인사는 'ABC(AI·바이오·클린테크)'에 중점을 뒀다. 차별화된 미래 사업 역량 확보와 성장 기반을 구축하기 위해 전체 신규 임원 중 23%(28명)를 해당 분야에서 발탁했다. 특히 AI(인공지능) 분야에서 글로벌 수준의 연구 역량과 전문성을 갖춘 80년대생 3명을 신규 선임했다. LG AI연구원에서 이문태 수석연구위원(상무)과 이진식 수석연구위원(상무), LG유플러스에서는 조현철 상무가 이름을 올렸다. 
이에 따라 그룹 연구개발 임원 수는 218명으로 늘어 역대 최다를 기록했다. 중·장기적 관점에서 연구개발(R&D) 분야 차세대 리더십을 강화하기 위한 조치다. 글로벌 경쟁 격화에 따른 특허 관리 체계 구축과 특허 조직의 역할 강화를 위해 특허 전문가인 조휘재 LG전자 부사장과 이한선 LG에너지솔루션 전무의 승진 인사도 진행했다. 
/그래픽=비즈워치
다만 LG는 글로벌 시장 환경 변화와 경영 환경의 불확실성을 감안해 사업 경험이 풍부하고 성과와 역량이 입증된 최고 경영진 대부분을 유임했다. 신규 선임된 CEO와 사업본부장은 총 4명이다. LG유플러스는 신임 CEO에 홍범식 사장, LG전자는 ES(에코솔루션)사업본부를 신설하고 신임 본부장에 이재성 부사장을 선임했다. LG화학은 석유화학사업본부장과 첨단소재사업본부장에 각각 김상민 전무와 김동춘 부사장을 선임했다.
전체 승진 폭 또한 줄었다. 이번 전체 승진 규모는 지난해 139명보다 줄어든 총 121명이다. 이 중 신규 임원은 86명으로, 지난해 99명보다 10명 이상 줄었다. 신규 임원의 평균 연령은 지난해와 같은 49세다. 
부회장 승진 없었다…변화보단 안정
이번 인사에서 관심이 높았던 조주완 LG전자 사장과 정철동 LG디스플레이 사장의 부회장 승진은 이뤄지지 않았다. 핵심 계열사의 CEO가 대부분 유임된 가운데, 다양한 분야에서 역량과 전문성을 갖춘 인재 중심 인사가 이뤄졌다. 
계열사별로 보면, LG전자의 경우 △사장 1명 △부사장 4명 △전무 8명 △상무 29명 등 총 42명에 대한 승진인사를 실시했다. 한국 시장에서 제품과 서비스를 결합한 가전구독 사업모델을 적극 확대하며 경쟁의 패러다임 전환을 주도하고, 온라인브랜드숍 기반 소비자직접판매(D2C) 사업 성과를 창출한 김영락 한국영업본부장이 사장으로 승진했다.
LG전자는 ""김영락 신임 사장은 지난 2022년 말부터 한국영업본부장을 맡아 가전구독 사업모델 등 차별화된 영업활동을 적극적으로 확대해 성장과 수익 개선을 이뤄낸 공로를 인정받았다""고 설명했다. 
LG화학은 신성장동력 육성과 사업역량 강화를 이끌 △부사장 2명 △전무 4명 △상무 7명을 포함해 총 13명을 승진시켰다. 사업환경 변화에 기반해 조직별 R&R(역할과 책임)을 명확히 하고, 조직 운영을 최적화하는 동시에 3대 신성장동력 중심의 미래 준비를 가속화하는데 방점을 뒀다는 게 사측 설명이다.
OLED(유기발광다이오드) 소재·반도체 소재 등 전자소재 사업을 책임지고 있는 김동춘 전무와 최고 인사책임자(CHO)를 맡고 있는 장기룡 전무가 부사장으로 승진했다. 김동춘 부사장은 다년간의 전자소재 분야 신사업 추진 및 사업운영 경험을 보유한 전문가다. 장기룡 부사장은 ㈜LG, LG전자, LG생활건강 등 지주회사 및 계열사를 두루 경험했고, 작년 12월 LG화학 최고 인사책임자(CHO)로 부임해 사업 경쟁력 강화에 기여하고 있다.
LG에너지솔루션은 이사회를 통해 △부사장 1명 △전무 2명 △상무 10명 △수석연구위원(상무) 신규선임 1명을 포함한 총 14명의 임원 승진안을 결의했다. 위기 상황 극복을 위해 지난해 24명 대비 승진 규모가 대폭 축소됐다. 부사장으로 승진한 한웅재 법무실장은 2020년부터 법무실장을 맡아 법적 리스크 최소화에 기여했다는 평가를 받는다.
LG이노텍은 미래준비 역량을 보유한 전무 1명, 상무 5명 등 총 6명을 승진 및 신규 임원으로 선임했다. 전무로 승진한 고대호 상무는 모바일 카메라 모듈 신제품의 적기 공급을 주도해 글로벌 카메라 모듈 사업 1등 입지를 확고히 하고, AI 기반 생산공정 혁신을 통해 광학솔루션사업 제조 경쟁력 강화에 기여한 인물이다. 
LG디스플레이는 △부사장 2명 △전무 1명 △상무 선임 7명의 승진 및 신규 선임했다. 중소형 OLED 사업의 핵심 역량을 제고해 사업 성과 개선에 기여한 최현철 전무(SC 사업부장)가 부사장으로 승진했다. 또 중소형 OLED 생산 혁신과 생산성 개선에 기여한 김흥수 상무(SC 패널센터장)는 전무로 승진했다. 이번 LG그룹 정기 임원인사는 내년 1월1일자로 시행된다.
",https://n.news.naver.com/mnews/article/648/0000030913?sid=101
LG에너지솔루션,"LG엔솔, 非전기차 공략에 속도…美베어로보틱스에 배터리 공급",2024-11-18 17:41:06,"
			  LG에너지솔루션의 원통형 배터리가 로봇에 장착된다. 18일 LG에너지솔루션은 미국 실리콘밸리에 있는 로봇기업 베어로보틱스와 배터리 셀 공급 계약 및 기술 협약을 위한 양해각서(MOU)를 체결했다고 밝혔다.   
 
 
 
 
LG에너지솔루션의 원통형 베터리. LG에너지솔루션
 
 
 
        LG에너지솔루션의 원통형 배터리(2170)는 내년부터 ‘서비 플러스’, 물류용 자율주행로봇(AMR) ‘카티’ 등 베어로보틱스가 생산하는 서비스 로봇에 단독 공급된다. 이 배터리는 안전성 강화를 위해 알루미늄을 적용한 고품질 NCMA 양극재와 LG에너지솔루션의 특허 기술인 세라믹 코팅의 강화 분리막(SRS)을 적용했다. 양사의 기술 협력 등 구체적인 협업 방안은 논의 예정이다.    
 
   베어로보틱스는 2017년 구글 엔지니어 출신 하정우 대표가 창업한 인공지능(AI)‧자율주행 기반의 모빌리티 플랫폼 스타트업이다. 소프트뱅크, LG전자 등이 높은 성장성을 인정해 투자했다. 세계 최초로 서빙 로봇을 개발, 판매하고 있으며 100% 자율주행, 로봇관제시스템 솔루션 등을 앞세워 북미뿐 아니라 한국‧일본 등 세계 20개국에서 사업을 펼치고 있다. 최근 물류용 자율주행로봇인 카티100을 출시, 물류로봇 시장까지 영역을 넓히고 있다.  
 
   전기차 캐즘(일시적 수요 정체)이 장기화하면서 LG에너지솔루션은 비(非)전기차 분야를 공략하고 있다. ‘에너지로 세상을 깨우다’(Empower Every Possibility)라는 비전에 따라 로봇‧선박‧도심항공교통(UMA) 등 미래 성장력이 높은 비전기차 시장으로 사업을 확장하겠다고 밝혔다.   
 
   LG에너지솔루션은 글로벌 로봇 시장의 성장세가 가팔라질 것으로 보고 베어로보틱스와 탄탄한 파트너십을 구축할 계획이다. LG에너지솔루션 측은 “이번 공급 계약 및 협업으로 새로운 포트폴리오 확장 가능성이 증명됐고 다양한 사업으로 확장될 것”이라고 말했다.   
",https://n.news.naver.com/mnews/article/025/0003401340?sid=101
LG에너지솔루션,"구광모 회장 6년차…LG CEO 대부분 유임, R&D 임원 사상 최다",2024-11-21 17:33:11,"
경영환경 불확실성 감안, 사업 경험 풍부한 경영진 대부분 유임
LG유플러스 CEO 교체, LG전자‧LG화학 사업본부장 신규 보임
ABC(AI·바이오·클린테크) 중심으로 '미래 준비' 철저
신규 임원 중 23% ABC 분야에서 발탁, AI 분야 3명은 80년대생
LG트윈타워 전경. ⓒ데일리안DB
[데일리안 = 박영국 기자] LG그룹이 ‘안정’ 속 ‘R&D 역량 강화’ 기조를 중심으로 사장단 및 임원인사를 단행했다. 경영진은 대부분 유임하며 ‘안정’을 추구하되 임원인사에서는 ‘도전적 목표’를 세워 ‘변화’와 ‘혁신’에 속도를 높일 것을 강조한 구광모 ㈜LG 대표의 경영철학을 반영했다는 평가다.
㈜LG와 각 계열사는 21일 이사회를 열고 2025년 임원 인사를 실시했다.
이번 임원 인사는 ‘미래 성장’을 위해 ‘변화’의 속도를 높인다는 기조 아래 ABC(AI·바이오·클린테크)를 중심으로 ‘미래 준비’를 철저히 하며, 각 분야에서 역량과 성과를 입증한 인재를 적재적소에 배치해 변화를 가속화하는 데 중점을 뒀다고 회사측은 밝혔다.
이번 인사에서는 글로벌 시장 환경 변화와 경영 환경의 불확실성 감안해 사업 경험이 풍부하고 성과와 역량이 입증된 경영진 대부분이 유임됐다. 임원 승진자는 사장 2명을 포함 총 121명이었다.
권봉석 (주)LG 부회장, 신학철 LG화학 부회장, 조주완 LG전자 사장, 김동명 LG에너지솔루션 사장, 정철동 LG디스플레이 사장, 문혁수 LG이노텍 부사장, 현신균 LG CNS 부사장 등 7명의 CEO가 자리를 지켰다. 현신균 부사장은 이번 인사에서 사장으로 승진했다.
유일하게 CEO가 교체된 곳은 LG유플러스였다. 황현식 사장이 자리에서 물러나고 홍범식 (주)LG 경영전략부문장 사장이 신임 LG유플러스 대표이사로 선임됐다.
LG전자와 LG화학은 사업본부장을 신규 보임하며 사업 경쟁력과 미래 신사업 강화를 위한 변화의 속도를 높여갈 방침이다.
LG전자는 ES(Eco Solution)사업본부를 신설하고 신임 본부장에 이재성 부사장을, LG화학은 석유화학사업본부장과 첨단소재사업본부장에 각각 김상민 전무와 김동춘 부사장을 선임하는 세대교체를 단행했다.
또한, LG는 미래 성장 모멘텀을 만들어 온 LG전자 한국영업본부장 김영락 부사장과 LG CNS CEO 현신균 부사장을 사장으로 승진시키며 변화를 가속화할 수 있도록 했다.
LG는 차별화된 미래 사업 역량 확보와 성장 기반을 구축하기 위해 전체 신규 임원 중 23%(28명)를 ABC(AI·바이오·클린테크) 분야에서 발탁했다.
특히, AI 분야에서 글로벌 수준의 연구 역량과 전문성을 갖춘 80년대생 3명을 신규 선임했다. LG AI연구원 이문태 수석연구위원(상무)과 LG AI연구원 이진식 수석연구위원(상무), LG유플러스 조현철 상무가 그들이다.
LG는 미래 사업 역량 확보라는 중장기적 관점에서 연구개발(R&D) 분야 차세대 리더십을 강화하고 있다. 신규 임원 21명을 포함해 그룹 연구개발 임원 수는 218명으로 늘어 역대 최다를 기록했다.
LG는 글로벌 경쟁 격화에 따른 특허 관리 체계 구축과 특허 조직의 역할 강화를 위해 LG전자 조휘재 부사장, LG에너지솔루션 이한선 전무 등 특허 전문가 2명의 승진 인사도 진행했다.
전체 승진 규모는 121명으로 지난해 139명 대비 크게 줄었다. 이 중 신규 임원은 86명(지난해 99명), 신규 임원의 평균 연령은 지난해와 같은 49세다.
LG 관계자는 “빠른 의사 결정이 가능하도록 임원 조직을 슬림화 해 구조적 경쟁력 강화의 기반을 구축하기 위한 것”이라고 밝혔다.
성별, 나이, 출신에 상관없이 실력과 전문성으로 인재를 중요해 리더십의 다양성과 역동성을 강화하는 기조도 이번 인사에 반영됐다.
이번 인사에서 고객가치, 영업, 재무, 마케팅, 인사 등 다양한 분야의 여성 임원 7명을 신규 선임했다. LG 내 여성 임원 수는 2018년 29명에서 역대 최다인 65명으로 늘었다.
또, 이번 인사를 통해 LG 내 80년대생 임원 수는 모두 17명으로 5년간 3배 증가했다. 이는 경쟁력 있는 젊은 인재들에게 성장 잠재력을 발휘할 수 있는 기회와 환경을 제공해 그룹 내 변화의 속도를 한층 가속화하기 위한 것이라고 회사측은 설명했다.
올해 전문성을 갖춘 외부 인재도 10명 영입해 LG 내 각 분야에 필요한 역량을 확보하고 새로운 시각을 접목할 수 있도록 했다.
특히, LG화학은 북미 외교 전문가로 꼽히는 고윤주 전 제주특별자치도 국제관계대사를 영입하며 트럼프 2기 정부 출범에 따른 미국 대관업무 역량을 강화했다.
		",https://n.news.naver.com/mnews/article/119/0002895415?sid=101
SK하이닉스,"SK하이닉스, 세계 최고층 321단 낸드 양산…내년 상반기 공급",2024-11-21 09:25:13,"
업계 최초 321단 1Tb TLC 낸드 개발
SK하이닉스는 세계 최고층 321단 낸드 양산에 돌입했다고 21일 밝혔다. /SK하이닉스
SK하이닉스는 세계 최고층인 321단 1테라비트(Tb) 트리플 레벨 셀(TLC) 4D 낸드 플래시를 양산하기 시작했다고 21일 발표했다.
SK하이닉스 관계자는 ""지난해 6월 직전 세대 최고층 낸드인 238단 제품을 양산해 시장에 공급했고, 이번에 300단을 넘어서는 낸드도 가장 먼저 선보이며 기술 한계를 돌파했다""며 ""내년 상반기부터 321단 제품을 고객사에 공급해 시장 요구에 대응해 나갈 것""이라고 설명했다.
SK하이닉스는 이번 제품 개발 과정에서 생산 효율이 높은 3-플러그 공정 기술을 도입했다. 이 기술은 3차례로 나눠 플러그 공정을 진행한 후, 최적화된 후속 공정을 거쳐 3개의 플러그를 전기적으로 연결하는 방식이다.
이 과정에서 저변형 소재를 개발하고 플러그 간 자동 정렬 보정 기술을 적용했다. 이와 함께 회사 기술진은 이전 세대인 238단 낸드의 개발 플랫폼을 321단에도 적용해 공정 변화를 최소화함으로써 이전 세대보다 생산성을 59% 향상시켰다.
이번 321단 제품은 기존 세대 대비 데이터 전송 속도가 12%, 읽기 성능이 13% 향상됐다. 또 데이터 읽기 전력 효율도 10% 이상 높아졌다.
SK하이닉스는 321단 낸드로 인공지능(AI)향 저전력 고성능 신규 시장에도 적극 대응해 활용 범위를 점차 넓혀갈 계획이다.
최정달 SK하이닉스 낸드 개발 담당 부사장은 ""300단 이상 낸드 양산에 가장 먼저 돌입하면서 AI 데이터센터용 SSD, 온디바이스 AI 등 AI 스토리지 시장을 공략하는 데 유리한 입지를 점하게 됐다""고 말했다.
이어 ""이를 통해 회사는 고대역폭메모리(HBM)로 대표되는 D램은 물론, 낸드에서도 초고성능 메모리 포트폴리오를 완벽하게 갖춘 풀스택 AI 메모리 프로바이더로 도약할 것""이라고 강조했다.
발로 뛰는 더팩트는 24시간 여러분의 제보를 기다립니다.
▶카카오톡: '더팩트제보' 검색
▶이메일: jebo@tf.co.kr
▶뉴스 홈페이지: http://talk.tf.co.kr/bbs/report/write
",https://n.news.naver.com/mnews/article/629/0000340313?sid=101
SK하이닉스,"""SK하이닉스, 4분기 실적 시장 기대치 밑돌 것…목표가↓""-키움",2024-11-22 08:43:10,"
목표주가 22만원→21만원
사진=한경DB
키움증권은 22일 SK하이닉스의 목표주가를 기존 22만원에서 21만원으로 낮췄다. 메모리 반도체 수요 부진, 경쟁 심화로 범용 메모리의 판매 가격이 예상치를 밑돌 것으로 예상하면서다. SK하이닉스 4분기 실적도 시장 기대치에 미치지 못할 것으로 봤다.
이 증권사 박유악 연구원은 SK하이닉스의 4분기 영업이익 전망치를 기존 8조3000억원에서 7조4080억원으로 11% 낮췄다. 매출액 추정치도 7% 내린 18조4350억원으로 제시했다. 창신메모리테크놀로지(CXMT), 푸젠진화반도체(JHICC), 키옥시아 등과의 경쟁 심화를 이유로 꼽았다.
박 연구원은 ""기업용 솔리드스테이트드라이브(eSSD) 판매 가격은 안정세를 보이지만, 모바일과 클라이언트 SSC, 낸드 단품 가격은 하락할 것""이라고 했다. 이어 ""4분기 범용 메모리의 판매 가격이 당초 예상치를 하회할 것”이라고 설명했다. 박 연구원이 전망한 D램의 영업이익은 6조7000억원으로 분기 대비 8% 증가한 수치다. 하지만 D램의 가격은 이 기간 1% 하락할 것이라고 내다봤다.
내년 1분기 영업이익은 5조4000억원으로 올해 4분기 대비 줄어들 것으로 전망했다. 박 연구원은 ""수요 비수기 진입에 따른 출하량 감소, 판매 가격 하락을 고려했다""며 ""우려보다 빠르게 악화하고 있는 낸드 업황 흐름에 집중하는 것에 바람직하다. 낸드 사업의 영업이익이 크게 줄어들 것으로 예상된다""고 했다.
다만 메모리 반도체 공급량이 줄어 업황이 개선될 것으로 전망했다. 그는 ""SK하이닉스를 포함한 D램 업체들의 설비투자(CAPEX)를 줄였기 때문에 내년 범용 D램과 5세대 고대역폭메모리(HBM3E) 업황이 호조를 보일 것""이라고 덧붙였다.
",https://n.news.naver.com/mnews/article/015/0005060098?sid=101
SK하이닉스,"최우진 SK하이닉스 부사장 ""HBM 선도, 꾸준한 준비 덕""",2024-11-19 10:10:10,"
HBM 경쟁력 향상 공로, 동탑산업훈장 수상
최우진 SK하이닉스 부사장 .ⓒSK하이닉스 뉴스룸
[데일리안 = 임채현 기자] 반도체 패키징 분야 기술 혁신을 통해 고대역폭메모리(HBM) 경쟁력 향상을 이루어낸 공로로 동탑산업훈장을 수상한 최우진 SK하이닉스 부사장은 회사가 AI 메모리 시장을 선도하는 건 '꾸준한 기술력 준비' 덕분이라고 강조했다.
최 부사장은 19일 SK하이닉스 뉴스룸을 통해 ""AI 시대의 반도체 산업은 급속히 변하고 있다""며 이같이 밝혔다.
최 부사장이 이끄는 P&T 조직은 반도체 생산공정 중 후(後)공정에 해당하는 패키징(Packaging)과 테스트(Test)를 담당한다. 이는 팹(Fab)에서 전(前)공정을 마친 웨이퍼를 고객이 사용할 수 있는 제품 형태로 패키징하고, 고객이 요구하는 수준에 적합한 품질인지 테스트하여 신뢰성까지 확보하는 역할이다.
최 부사장은 지난 2019년 HBM 3세대 제품인 HBM2E 패키지에 최초로 MR-MUF 기술을 도입해 열과 압력으로 인한 품질 문제를 개선했으며, 수율을 개선하고 생산량을 끌어올림으로써 시장의 판도를 바꿨다. 또 MR-MUF 기술을 고도화한 '어드밴스드 MR-MUF' 기술을 개발해 4세대 HBM3 12단과 5세대 HBM3E 개발 및 양산까지 성공으로 이끌었다.
최 부사장은 역대 HBM 개발 및 양산 과정에서 가장 중요한 것으로 '타임 투 마켓'을 꼽으며, 시장 상황에 기민하게 대처할 수 있는 기술을 준비해야 한다고 강조했다.
그는 ""시장 상황과 고객의 요구를 빠르게 파악해 대응하는 것은 기본이며, 무엇보다 이를 뒷받침할 수 있는 기술력을 꾸준히 준비하는 것이 중요하다""며 ""SK하이닉스가 HBM을 통해 AI 메모리 시장을 선도할 수 있었던 것은 바로 이러한 준비 덕분""이라고 밝혔다.
또한 ""패키징 기술 고도화, 어드밴스드 패키징 기술 개발 등 R&D 역량과 품질 경쟁력, 생산 역량을 높이는 것까지 P&T 조직에 주어진 미션이 많다""고 전했다.
최 부사장은 구성원들에게 ""생산성 향상과 기술 혁신 후 발생하는 변곡점을 항상 염두에 두고 마지막까지 품질 향상에 대해 깊이 고민하길 바란다""며 ""기술과 품질이라는 기본을 잊지 않고 도전 정신을 발휘한다면 위기가 다시 닥쳐와도 우리는 그것을 또 다른 기회로 만들 수 있을 것""이라고 당부했다.
		",https://n.news.naver.com/mnews/article/119/0002894189?sid=101
SK하이닉스,"日키옥시아, 내달 상장…`4조 투자` SK하이닉스 자금 회수 기회",2024-11-21 13:55:08,"
			SK하이닉스가 간접 출자한 일본 메모리 반도체 낸드플래시 생산업체 키옥시아홀딩스(옛 도시바메모리)가 내달 중순 도쿄증권거래소에 상장할 것으로 알려졌다고 니혼게이자이신문(닛케이)이 21일 보도했다.
보도에 따르면 키옥시아는 22일 도쿄증권거래소에서 상장 승인을 받을 것으로 전망된다. 예상 시가총액은 7500억엔(약 6조8000억원) 규모로 애초 목표로 세운 1조5000억엔 이상에는 크게 밑돌 것으로 보인다. 
키옥시아 대주주인 미국 투자펀드 베인캐피털과 도시바는 기업공개 과정에서 지분 일부를 매각할 것으로 전해졌다.
키옥시아는 상장으로 최대 991억엔(약 9000억원)을 조달해 인공지능(AI)용 최첨단 메모리 반도체 증산에 충당할 방침이다. 닛케이는 ""예상 시가총액이 당초 목표에 못 미치지만 상장 후 증산 투자로 수익성을 높여 시장 평가를 끌어올리려 한다""고 분석했다.
앞서 키옥시아는 8월 23일 도쿄증권거래소에 상장을 신청했으며, 당시에는 10월 상장을 목표로 했다. 하지만 반도체주 약세 상황에서 상장 후 시가총액이 목표한 액수에 미치지 못할 것으로 판단해 상장을 미룬 것으로 알려졌다.
이어 이달 8일에는 상장 절차에 걸리는 시간을 줄이기 위해 '승인 전 제출 방식'을 처음 이용해 도쿄증권거래소의 상장 승인 전에 금융청에 유가증권 신고서를 제출했다. 
키옥시아는 도시바 반도체 메모리 사업이 독립해 2017년 4월 출범했으며 2019년 10월 현재 사명으로 변경했다. 지난해에는 미국 웨스턴디지털과의 합병을 추진하다 무산된 적이 있다. 
키옥시아에는 베인캐피털 등이 참여한 한미일 연합 컨소시엄이 56%, 도시바가 41%를 각각 출자했다. SK하이닉스는 2018년 이 컨소시엄에 약 4조원을 투자했다.  
일본 미에현에 있는 키옥시아 메모리반도체 공장 전경. 키옥시아 제공    
",https://n.news.naver.com/mnews/article/029/0002917355?sid=101
현대차,"현대차, 2024 WRC 드라이버 부문 우승…티에리 누빌 최종 1위",2024-11-24 19:26:45,"
			현대자동차가 2024 시즌 월드랠리챔피언십(WRC)에서 드라이버 부문 최종 우승을 차지했다. 현대차가 2014년 WRC에 복귀한 이후 드라이버 부문 우승을 차지한 것은 올해가 처음이다.
현대차는 21일부터 24일까지 일본 아이치현과 기후현에서 열린 마지막 라운드를 끝으로 2024 WRC 시즌 드라이버·코드라이버 부문 우승을 달성했다고 24일 밝혔다.
WRC 일본 랠리는 2004년 홋카이도에서 시작해 2010년을 마지막으로 잠시 중단됐다가 2022시즌에 복귀했다. 이전에는 홋카이도를 무대로 비포장도로를 달렸던 '그레이블 랠리'였다면 지금은 일본 중부 아이치현과 기후현의 포장도로를 달리는 '타막 랠리'로 바뀌었다.
좁은 길과 많은 코너로 악명이 높은 일본 랠리는 산악 지역의 아스팔트 도로가 유럽에 비해 좁고 구불구불하며 낙엽이 덮인 구간에서는 접지력을 확보하기 어려워 높은 수준의 주행 실력이 요구되는 랠리다.
'i20 N Rally1 하이브리드' 경주차로 출전한 현대 월드랠리팀 티에리 누빌(Thierry Neuville) 선수는 안정적인 주행으로 무난히 랠리를 완주하며 시즌 드라이버 부문 우승을 확정하고 대장정의 피날레를 장식했다.
정의선 현대차그룹 회장이 24일 WRC 일본 랠리 후 드라이버 우승을 차지한 티에리 누빌(차 위 앞 줄 오른쪽) 선수 및 임직원들과 기념촬영을 하는 모습. 현대차 제공
올 시즌 총 6번의 포디움에 올라간 티에리 누빌은 선수 경력 사상 처음으로 시즌 드라이버 부문 1위를 기록했으며 현대 월드랠리팀 소속 선수가 드라이버 부문 우승을 차지한 것도 이번이 처음이다.
2014년 현대차가 WRC에 복귀했을 때부터 지금까지 팀에서 활약하고 있는 티에리 누빌은 지난 3년 연속(2021~2023년) 드라이버 부문 시즌 3위를 기록한 아쉬움을 털어내며 드라이버 챔피언 타이틀을 얻게 됐다.
코드라이버로 함께 출전해 누빌 선수와의 호흡을 자랑한 마틴 비데거(Martijn Wydaeghe) 선수도 시즌 코드라이버 부문 1위에 올랐다.
티에리 누빌은 ""드라이버 부문 우승을 위해 오랫동안 노력했고 그 결실을 보게 되어 말로 표현할 수 없을 만큼 기쁘다""며 ""함께 땀 흘린 팀 전체에 감사드리며 매번 온 힘을 다한 보상을 올해 받은 것 같다""고 소감을 밝혔다.
또한 현대 월드랠리팀은 선수들의 고른 활약으로 시즌 총 558점을 획득해 제조사 부문 종합 2위에 오르며 다음 시즌에 대한 전망을 밝혔다. 2024 WRC를 성공적으로 마무리한 현대차는 브랜드 위상을 한층 끌어올림과 동시에 차량 성능 개발과 모터스포츠 문화 발전에 힘쓰고, 새로운 고객 경험을 전달하기 위해 박차를 가할 계획이다.
현대차 관계자는 ""WRC 첫 드라이버 및 코드라이버 부문 우승이라는 기록을 세운 뜻깊은 시즌이었다""며 ""다음 시즌에도 멋진 모습을 모터스포츠 팬들에게 선보일 수 있도록 노력할 것""이라고 말했다.
",https://n.news.naver.com/mnews/article/277/0005505248?sid=103
현대차,"현대차·기아, 美 제어기 결함으로 전기차 20만대 리콜",2024-11-24 11:34:18,"
현대차 아이오닉 5
현대차와 기아가 통합충전제어기(ICCU) 결함으로 미국에서 전기차 20만8000대를 리콜한다.
22일(현지시각) 도로교통안전국(NHTSA) 리콜 보고서에 따르면 현대차는 2022~2024년형 아이오닉 5, 2023~2025년형 아이오닉 6, 2023~2025년형 제네시스 GV60와 GV70, 2023~2024년형 G80 등 14만5235대를 리콜한다.
기아는 2022~2024년형 EV6 6만2872대를 리콜할 예정이다.
ICCU는 배터리 충전과 전력을 제어하는 전기차 핵심 부품이다. 트랜지스터가 손상되면 12볼트 배터리 충전이 중단될 수 있으며, 이로 인해 사고 발생위험이 높아질 수 있다.
NHTSA는 보고서에서 “현대차·기아 딜러는 문제가 되는 장치를 점검하고 필요하면 이들 기기를 교체하는 한편 소프트웨어를 업데이트할 예정”이라고 전했다.
",https://n.news.naver.com/mnews/article/030/0003260341?sid=103
현대차,"현대車, 모터스포츠 강자 등극",2024-11-24 19:56:54,"
(서울=뉴스1) = 현대자동차가 2024시즌 WRC에서 팀 역사를 새로 쓰는 기록을 작성하며 명실상부 모터스포츠 강자로 등극했다. 현대자동차는 일본 아이치현과 기후현에서 열린 2024 WRC(World Rally Championship) 마지막 라운드를 끝으로 2024 WRC 시즌 드라이버·코드라이버 부문 우승을 달성했다고 24일 밝혔다. 사진은 정의선 현대차그룹 회장이 24일 WRC 일본 랠리 후 드라이버 우승을 차지한 티에리 누빌(차 위 앞 줄 오른쪽) 선수 및 임직원들과 기념촬영을 하는 모습. (현대차그룹 제공) 2024.11.24/뉴스1
		",https://n.news.naver.com/mnews/article/421/0007925065?sid=103
현대차,"'아이오닉9·이니시움' 총출동…현대차, 美 '정면 승부'",2024-11-22 02:10:00,"
현대차, LA 오토쇼서 신차 대거 전시
첫 3열 대형 전기 SUV 아이오닉9 등판
수소전기차 콘셉트카 이니시움도 선보여
미국서 신차 출시로 주도권 지속 전망
[서울=뉴시스] 현대차는 21일 미국 로스앤젤레스 골드스테인 하우스에서 전동화 SUV '아이오닉 9'을 세계 최초로 공개했다고 밝혔다.아이오닉 9은 오는 22일 개막하는 '2024 LA 오토쇼'에서 일반 고객들에게 처음 공개되며 2025년 초 국내에서 판매를 시작해 미국, 유럽, 기타 지역으로 판매 시장을 확대해 나갈 계획이다. 사진은 아이오닉9 외부. (사진=현대자동차 제공) 2024.11.21. photo@newsis.com *재판매 및 DB 금지
[로스앤젤레스(미국)=뉴시스]이창훈 기자 = 현대차가 21일(현지시간) 미국 로스앤젤레스 컨벤션 센터에서 열린 '2024 LA 오토쇼(이하 LA 오토쇼)'에서 3열 대형 전기 스포츠실용차(SUV) '아이오닉 9'과 수소전기차 콘셉트카 '이니시움'을 전격 공개했다. 
최상위급 전기차 아이오닉 9을 통해 미국 시장에서 전동화 전환 의지를 강조하고, 이니시움으로 미래 수소전기차의 방향성을 제시한다는 각오다. 
현대차 글로벌 최고운영책임자(COO) 겸 북미권역본부장 호세 무뇨스 사장은 ""현대차는 올해 3분기 미국 시장에서 전년 동기 대비 5% 증가한 판매량을 보이며 3분기 기준 최대 실적을 기록했다""며 ""올해 미국 시장에서 하이브리드차와 전기차 판매에 힘입어 소매 판매 기준 4년 연속 연간 판매 최대 실적 달성을 기대한다""고 밝혔다.
[고양=뉴시스] 김진아 기자 = 31일 경기 고양시 현대 모터스튜디오에서 현대자동차의 수소전기차 콘셉트카 '이니시움(INITIUM)'이 공개되고 있다. '이니시움'은 현대자동차가 내년 상반기 선보일 승용 수소전기차(FCEV)의 상품성과 방향성을 담은 콘셉트카이다. 2024.10.31. bluesoda@newsis.com
'아이오닉9·이니시움' 동시 출격 의미는?
아이오닉 9은 현대차의 첫 3열 대형 전기 SUV로, 아이오닉 라인업을 확장하는 의미를 갖는다. 최상위급 전기차를 출시해 아이오닉 브랜드 가치를 한층 끌어올린 것이란 기대감이 들린다.
특히 현대차는 아이오닉 9의 데비 무대를 LA로 택했다. 
LA는 대형 SUV 본고장 미국에서 전기차 수요가 가장 많은 도시다. 바로 이 LA에서 최상위급 전기차 아이오닉 9을 최초로 공개하면서, 미국 시장에서 전동화 전환 의지를 드러냈다.
현대차는 2025년 초 국내에서 아이오닉 9 판매를 시작해 미국, 유럽, 기타 지역으로 판매 시장을 확대해 나갈 계획이다. 미국에서 판매하는 아이오닉 9의 경우 내년부터 미국 조지아주 신공장 '현대차그룹 메타플랜트 아메리카'에서 생산한다.
현대차는 LA 오토쇼에서 이니시움을 북미 시장에 처음 선보였다. 이니시움은 27년에 걸친 수소에 대한 오랜 신념과 의지를 집약해 탄생시킨 수소전기차 콘셉트카다. 내년 상반기에 선보일 승용 수소전기차의 상품과 디자인 방향성을 담은 콘셉트 모델이다.
현대디자인센터장 사이먼 로스비 전무는 ""이니시움은 현대차 수소전기차 디자인의 미래 방향성을 제시하는 콘셉트카로, 수소 모빌리티와 지속 가능성에 대한 현대차의 지속적인 노력을 담고 있다""고 밝혔다.
LA 오토쇼에서 이니시움을 전시해 북미 시장에 현대차의 수소 기술력을 제시했다는 분석이다.
현대차는 오는 12월1일(현지시간)까지 열리는 이번 LA 오토쇼에서 약 4193㎡ 규모의 전시 공간을 꾸렸다. 아이오닉 9과 이니시움 외에도 ▲아이오닉 5 ▲아이오닉 6 ▲엘란트라 ▲쏘나타 ▲쏘나타 하이브리드 ▲디 올 뉴 싼타페 하이브리드 등 총 42대의 차량을 전시한다.
[서울=뉴시스] GV70 부분변경 모델. (사진=현대차) 2024.04.26 photo@newsis.com *재판매 및 DB 금지 *재판매 및 DB 금지
제네시스 전 라인업 전시
현대차 산하 고급 브랜드 제네시스 브랜드(이하 제네시스)도 이번 LA 오토쇼에서 GV70 부분 변경 모델과 GV70 전동화 부분 변경 모델을 각각 선보였다.
제네시스는 내년 상반기 북미에서 이들 부분 변경 모델의 상세한 가격과 사양을 공개하고 본격적으로 판매에 나선다. 
제네시스는 LA 오토쇼에서 약 1059㎡ 규모의 부스를 마련했다. GV70 부분 변경 모델과 함께 ▲G70 ▲G80 ▲G90 ▲GV60 ▲GV80 ▲GV80 쿠페 등 브랜드 전 라인업을 전시한다．
",https://n.news.naver.com/mnews/article/003/0012918145?sid=101
현대차,"김걸 현대차 사장, 후진 위해 용퇴…정몽구재단 이동",2024-11-22 16:42:35,"
정몽구재단 부이사장 내정
현대차 고문직도 함께 수행
[서울=뉴시스] 김걸 현대차 사장. (사진=현대차 제공) 2024.11.22 photo@newsis.com *재판매 및 DB 금지
[서울=뉴시스]유희석 기자 = 현대자동차 기획조정실장을 맡고 있는 김걸 사장이 정몽구재단 부이사장으로 이동한다. 
22일 업계에 따르면 김걸 사장은 최근 ""회사의 혁신과 성장을 주도할 후진들을 위해 물러난다""며 자진 사임 의사를 밝히고 용퇴하기로 했다. 
김걸 사장은 이후 그간 축적된 경영자로서의 경험 자산을 사회에 환원할 수 있는 현대차정몽구재단 부이사장을 맡을 예정이다. 동시에 현대차 고문으로도 활동한다. 
김걸 사장의 후임은 아직 정해지지 않았으며, 다음 달 예정된 현대차그룹 임원 인사와 회사 미래 비전 방향성 등을 연계해 정해질 전망이다. 
업계 관계자는 ""김걸 사장이 후배들을 위해 스스로 물러나기로 한 것으로 안다""며 ""이후 정몽구재단 부이사장으로 사회에 기여하는 활동을 할 것""이라고 말했다.
",https://n.news.naver.com/mnews/article/003/0012919677?sid=101
현대차,"현대차, 2025년 1학기 미래모빌리티학교 모집…""인재 육성""",2024-11-22 09:21:12,"
민간기업 최초 교육부 업무협약 프로그램…10년째 진행
현대차는 22일부터 다음 달 11일까지 '2025년 1학기 미래모빌리티학교' 참가 학교를 모집한다. 수업 교구재 '스마트시티 기획서'. /현대자동차
현대자동차가 민간기업 최초로 교육부와 업무협약을 체결한 학생 주도 활동형 프로그램을 진행하며 미래 모빌리티 인재 육성에 나섰다.
현대차는 22일부터 다음 달 11일까지 '2025년 1학기 미래모빌리티학교' 참가 학교를 모집한다고 밝혔다. 지난 2016년부터 시작해 10년째를 맞는 '미래모빌리티학교'는 현대차가 민간기업 최초로 교육부와 업무협약을 체결하고 개발한 학생 주도 활동형 프로그램이다.
현대차는 미래모빌리티학교가 모빌리티 산업 발전 과정과 자율주행, 로보틱스 등 혁신적 모빌리티 기술이 열어갈 미래를 접해볼 프로그램이라고 설명했다. 중학교 자유학기제와 초등학교 창의적 체험활동을 지원하는 청소년 진로 교육 프로그램이다.
미래모빌리티학교는 참여형 교육 활동으로 교육계의 관심과 호응을 받는다. 지금까지 국내 초·중등학교 및 해외 학교를 포함한 2534개 학교에서 운영됐다. 약 10만2000명 학생이 참가해 미래모빌리티를 구상했다는 것이 현대차 설명이다.
현대차는 모빌리티 산업에 관한 이해를 돕는 교재와 교구재를 1~2년 주기로 개발·제작해 참가 학교에 제공하고 학교는 자유학기제와 창의적 체험활동, 범교과 학습 등에서 해당 자료를 활용할 수 있다. 참가 교사는 온라인 연수를 받을 수 있다.
수업은 중학생 대상 정규·단기 프로그램과 초등학교 4~6학년 대상 초등 프로그램으로 구성돼 있다. 현대차는 이론 전달 위주 전통적 수업 방식에서 벗어나 모빌리티 업사이클링 키트와 스마트시티 조감도 등 관련 교구재를 제공해 다양한 형태 활동을 추구한다고 말했다.
현대차 관계자는 ""앞으로도 다양한 프로그램을 통해 글로벌 청소년들이 즐겁게 참여하며 시야를 넓히고 자신만의 꿈을 키울 기회를 가질 수 있도록 하는 창의적·문화적 토양을 조성하는 데 이바지할 것""이라고 밝혔다.
발로 뛰는 더팩트는 24시간 여러분의 제보를 기다립니다.
▶카카오톡: '더팩트제보' 검색
▶이메일: jebo@tf.co.kr
▶뉴스 홈페이지: http://talk.tf.co.kr/bbs/report/write
",https://n.news.naver.com/mnews/article/629/0000340678?sid=103
현대차,"'현대차 CEO 내정' 무뇨스 ""美 규제에 준비 중…유연하게 조정""(종합)",2024-11-22 15:16:02,"
""HMGMA, 내년 하반기 하이브리드 모드로…내후년 EREV 생산 시작""
""전동화는 장기적으로 가야 할 길…회사 전략 크게 안 바뀌어""
현대자동차, '2024 LA 오토쇼' 참가 '아이오닉 9'·'이니시움' 공개
(서울=연합뉴스) 현대자동차는 21일(현지시간) 미국 LA 컨벤션 센터에서 열린 '2024 LA 오토쇼(2024 Los Angeles Auto Show)'에서 '아이오닉 9(IONIQ 9)'을 공개하고 '이니시움(INITIUM)'을 북미 시장에 최초로 선보였다고 22일 밝혔다. 사진은 현대차 글로벌 최고운영책임자(COO) 호세 무뇨스(Jose Munoz) 사장이 발표하고 있는 모습. 2024.11.22 [현대자동차 제공. 재판매 및 DB 금지] photo@yna.co.kr
    (로스앤젤레스=연합뉴스) 홍규빈 기자 = 현대차 대표이사로 내정된 호세 무뇨스 글로벌 최고운영책임자(COO)가 미국 도널드 트럼프 2기 행정부와 관련해 ""어떤 규제가 나오더라도 (대응할 수 있게) 준비하고 있다""고 말했다.
    무뇨스 사장은 21일(현지시간) 미국 캘리포니아주 로스앤젤레스 컨벤션센터에서 열린 LA 오토쇼에서 취재진과 만나 ""전동화는 장기적으로 가야 하는 길이지만, 그 과정에서 유연하게 조정할 준비가 돼 있다""며 이같이 말했다.
    그는 ""하이브리드차(HEV), 플러그인하이브리드차(PHEV), 주행 거리 연장형 전기차(EREV), 심지어 수소전기차까지도 생산할 준비가 돼 있다""면서 ""현대차는 전기차에만 투자하는 것이 아니라 관련된 모든 기술에 투자해야겠다는 의지를 다진 적이 있는데 아주 좋은 전략이었다""고 말했다.
    무뇨스 사장은 이날 미국 자동차 전문매체 오토모티브뉴스와의 인터뷰에서도 ""유연성은 현대차 전략의 핵심 중 하나라고 생각한다""며 ""전기차를 덜 팔고 하이브리드차를 더 파는 것""이라고 말했다.
    무뇨스 사장은 ""(이는) 미국에 대한 집중이기도 하다""면서 ""(내가 대표이사로 내정된 것도) 미국 시장이 현대차에 갖는 중요성을 말해준다. 현재뿐 아니라 미래에도 가장 중요할 것""이라고 말하기도 했다.
    오토모티브뉴스는 무뇨스의 말을 간접 인용하며 ""현대차는 2025년 하반기 (조지아주) 메타플랜트(HMGMA)를 하이브리드 모드로 전환하고 2026년 EREV 생산을 시작한다""며 ""하이브리드는 2029년까지 현대차의 미국 파워트레인 믹스에서 최대 비중(30∼40％)을 차지할 것""이라고 전했다.
    트럼프 당선인의 인플레이션감축법(IRA) 폐지 검토 등으로 전기차 수출에 차질을 빚는 것 아니냐는 우려가 나오는 상황에서 차기 대표이사로서 변수 관리에 대한 자신감을 드러낸 것이다.
'아이오닉9' 공개행사
(서울=연합뉴스) 21일(현지시간) 미국 로스앤젤레스 골드스테인하우스에서 열린 '아이오닉9' 공개행사에서 현대차 글로벌 최고운영책임자 호세 무뇨스 사장이 환영사하고 있다.
    E-GMP 기반 전동화 대형 SUV인 아이오닉9은 110.3kWh 배터리를 탑재해 국내 기준 1회 충전으로 532km 주행이 가능하다. 아이오닉9은 2025년 초 국내 판매 예정이다. 2024.11.21 [현대차 제공. 재판매 및 DB 금지] photo@yna.co.kr
    다만 무뇨스 사장은 기존의 전동화 방향성은 장기적으로 유지될 것이라고 강조했다.
    그는 ""현대차는 글로벌 3위의 자동차 제조사이자 미국 전기차 시장에서 테슬라 다음으로 큰 회사""라면서 ""정의선 회장님과 장재훈 사장님께서 정한 방향성이 기본적으로 옳다고 생각한다. 회사 전략이 크게 바뀔 거라고 생각하지 않는다""고 말했다.
    그러면서 ""전기차에서는 미국 업계 평균보다 훨씬 더 높은 수준인 26％의 성장이 있었고 하이브리드차는 올해까지 37％ 성장했다""면서 ""(전동화) 속도가 조금 더딜 순 있지만 실제로 일어나는 변화""라고 강조했다.
    무뇨스 사장은 전동화가 과거 글로벌 정세나 미국 정책과 관계없이 꾸준히 진행되온 점도 짚었다.
    무뇨스 사장은 ""세제 혜택이 (전기차의) 사업 기반은 아니다""라면서 ""(전기차 전용 공장인) 조지아주 메타플랜트 발표 시점도 IRA 이전이었다. 인센티브를 고려해 공장 설립을 결정했다고 말할 수 없다""고 말했다.
    또 ""메타플랜트에서 HEV, PHEV, EREV를 생산하겠다고 밝힌 것도 트럼프 후보자 당선 이전이었다""고 덧붙였다.
    무뇨스 사장은 전날 공개된 아이오닉9에 대해선 ""차량의 공간성도 너무 좋고 차량에 타면 아주 편안하다""면서 ""전기차의 가치를 느낄 수 있는 가장 좋은 방법은 직접 타보는 것""이라고 말했다.
    한편 무뇨스 사장은 현대차와 아마존이 공동 개발하는 온라인 소매 플랫폼이 이르면 내년 1월 출시 준비를 마친다고 전했다.
    무뇨스 사장은 지난 15일 사장단 인사에서 현대차 대표이사로 내정됐다. 현대차 CEO인 대표이사 자리에 외국인이 선임된 것은 1967년 현대차 창사 이래 처음이다.
    bingo@yna.co.kr
",https://n.news.naver.com/mnews/article/001/0015062166?sid=101
현대차,연구원 3명 '일산화탄소 중독사' 추정…울산 현대차 합동감식,2024-11-20 18:22:37,"
현대자동차 울산공장에서 연구원 3명이 차량 성능 실험 중에 숨진 사고와 관련해 정확한 사인을 밝히기 위해 경찰이 차량 배기가스 배출 설비 등 안전시설에 문제가 없었는지를 집중적으로 들여다보고 있습니다.
울산경찰청은 오늘(20일) 오전 10시 30분부터 약 6시간 동안 울산 북구 현대차 울산공장 전동화품질사업부 차량 성능 테스트 공간(체임버)에서 국립과학수사연구원, 고용노동부, 한국산업안전보건공단 등 관계자 40여 명이 참여한 합동 감식을 진행했습니다.
감식반은 현대자동차 관계자의 설명을 들은 뒤 현장 안전시설을 전반적으로 확인했습니다.
경찰 관계자는 감식이 끝난 후 기자들에게 ""공간 내부 환경을 사고 당시 진행된 차량 성능 테스트 상황과 유사하게 재구성해 감식을 진행했다""고 밝혔습니다.
'배기가스 배출 설비 정상 작동 여부'에 대한 질문에는 ""지금으로서 말씀드리기 어렵다""며 말을 아꼈습니다.
사망자들의 보호장구 착용 여부와 관련해서는 ""CCTV 등을 확보해 정확한 경위를 확인하고 있다""고 말했습니다.
그러면서 ""오전에 진행된 부검 결과와 국과수 감식 분석 결과 등을 토대로 수사를 진행하겠다""고 덧붙였습니다.
전날 오후 3시께 이곳에선 현대차 소속 A(45)씨와 B(38)씨, 협력업체 소속 C(26)씨 등 3명이 의식을 잃은 채 발견돼 병원으로 옮겨졌으나 모두 숨졌습니다.
사망자들은 모두 연구원으로, 사고 당시 시험 차량 운전석과 조수석, 뒷좌석에 있었습니다.
이들은 밀폐된 체임버에서 차량 주행 테스트를 하던 중 배기가스가 외부로 배출되지 않아 사고를 당한 것으로 추정됩니다.
해당 체임버는 온도·습도 등을 제어하면서 차량 성능과 내구성 등을 확인하는 곳입니다.
국과수는 경찰 의뢰에 따라 날 오전 사망자들에 대한 부검을 실시했습니다.
국과수는 일산화탄소 중독에 의한 사망 가능성에 무게를 두고 부검 결과를 분석 중인 것으로 알려졌습니다.
고용노동부는 전날 사고 직후 현장에 근로감독관을 파견해 사고 내용을 확인한 후 작업을 중지시켰으며, 중대재해처벌법 위반 여부를 조사하고 있습니다.
이동석 현대자동차 대표이사 안전보건최고책임자(CSO)는 이날 담화문을 내고 ""안타까운 사고가 재발하지 않도록 대책 마련에 최선을 다하겠다""고 밝혔습니다.
문용문 금속노조 현대자동차지부 지부장은 긴급 성명을 통해 ""결코 발생해서는 안 될 중대한 사고""라며 ""사고 원인을 철저히 조사하겠다""고 말했습니다.
		",https://n.news.naver.com/mnews/article/055/0001208015?sid=102
현대차,'밀폐공간서 테스트' 40대·30대·20대 현대차 연구원 3명 사망(종합),2024-11-19 17:46:19,"
배기가스 미배출 추정…발견 당시 모두 의식 없어 병원 이송
현대차 ""유가족께 깊은 위로의 말씀…사고 원인 조속 규명""
현대자동차 울산공장 전경. 2024.11.19/뉴스1 ⓒ News1 김지혜 기자
(울산=뉴스1) 조민주 김지혜 기자 = 현대자동차 울산공장에서 차량 테스트 중 연구원 3명이 질식해 숨지는 안타까운 사고가 발생했다.
경찰 등에 따르면 19일 오후 3시께 울산시 북구 현대자동차 내 전동화품질사업부 복합환경 체임버에서 차량안전검증팀 소속 연구원 40대 A씨와 30대 B씨, 20대 C씨가 쓰러져 있는 것을 다른 직원이 발견했다.
발견 당시 A씨 등은 모두 의식이 없었던 것으로 알려졌다. 이들은 병원으로 이송됐으나 끝내 숨졌다.
발견한 직원의 신고 10여분 뒤 사내 구급차가 도착해 1명을 인근 병원으로 이송했고, 약 2분뒤 119구급차가 도착해 나머지 2명을 이송했다.
A씨 등은 이날 낮 12시50분께 체임버에 들어가 주행 테스트와 '아이들링'(공회전) 테스트를 하던 중이었다.
해당 체임버는 차량의 주행 성능을 실험하는 밀폐 공간으로, 차량 1대 가량이 들어가는 정도 크기의 공간으로 알려졌다.
사측은 좁고 밀폐된 주행 실험실에서 배기가스가 바깥으로 빠져 나가지 못해 이들이 질식한 것으로 추정하고 있다.
사망자 가운데 2명은 현대차, 1명은 협력업체 소속인 것으로 알려졌다.
현대차 울산공장 사업장은 상시근로자가 10인 이상으로 중대재해처벌법 적용 대상이다.
현대차 관계자는 ""유가족 분들께 깊은 위로의 말씀을 드린다""며 ""사고 원인을 조속히 규명하고, 필요한 조치를 적극적으로 취하겠다""고 밝혔다. 또 ""향후 이같이 안타까운 사고가 재발하지 않도록 대책 마련에 최선을 다하겠다""고 덧붙였다.
경찰과 고용노동부는 정확한 사고 경위를 조사 중이다.
		",https://n.news.naver.com/mnews/article/421/0007917047?sid=102
현대차,현대차 울산공장서 3명 사망…차량 테스트 중 배기가스에 질식 추정,2024-11-19 16:29:15,"
현대차 울산4공장. 뉴스1
19일 오후 현대차 울산공장에서 질식 사고가 발생해 연구원 3명이 사망했다. 현대차 측은 차량 테스트 과정에서 배기가스가 외부로 배출되지 않아 사고가 발생한 것으로 보고 있다.
경찰, 현대차 등에 따르면 19일 오후 3시경 울산 북구 양정동 현대차 울산4공장에서 차량 테스트 작업을 하던 연구원 3명이 차량 내부에서 의식이 없는 상태로 발견됐다. 이 사고로 40대 남성, 30대 남성 등 3명이 병원으로 옮겨졌지만 모두 숨졌다. 사망자 3명 중 2명은 현대차 남양연구소 책임연구원, 나머지 1명은 협력업체 직원으로 알려졌다.
사망자 3명은 현대차 전동화품질사업부의 ‘복합 환경시험챔버 차량 테스트’ 도중 질식된 상태로 발견됐다. 경찰은 이들이 이날 낮 12시 50분경 실험실에서 주행 시험을 했고, 테스트에 소요되는 통상의 시간이 지났는데도 나오지 않아 확인 결과 질식해 있었다는 관계자의 진술을 확보했다.
사고가 발생한 장소는 차량의 각종 성능 테스트가 진행되는 곳으로, 차량 한 대가 들어갈 수 있는 규모로 알려졌다. 현대차 측은 이들이 차량을 테스트하는 과정에서 배기가스가 외부로 배출되지 않아 사고가 난 것으로 보고 있다. 현대차와 경찰은 배출 시설이 작동하지 않은 경위 등을 조사 중이다.
복합 환경시험챔버 차량 테스트란 가장 추운 지역부터 사막에 이르기까지 다양한 환경 조건에서 차량의 성능과 내구성을 시험하는 것을 말한다. 온도, 습도, 공기 흐름, 진동, 빛 노출과 같은 광범위한 환경 조건을 시뮬레이션한 뒤 이러한 조건에서 차량이 견딜 수 있는지 확인하는 과정이다.
",https://n.news.naver.com/mnews/article/020/0003599070?sid=102
네이버,여성혐오 논란 휩싸이더니...결국 네이버웹툰서 비공개 된 ‘이세계 퐁퐁남’,2024-11-24 20:16:08,"
 [사진출처 = 네이버웹툰]
최근 여성혐오 표현으로 논란을 불렀던 아마추어 웹툰 ‘이세계 퐁퐁남’의 모든 회차가 네이버웹툰에서 비공개 처리됐다.
24일 네이버웹툰에 따르면 지금까지 연재된 이세계 퐁퐁남의 1~4화가 현재 ‘게시 보류 중’이라는 문구와 함께 비공개된 상태다.
콘텐츠가 비공개된 것은 이용자 신고 때문이다.
실제로 네이버웹툰 측도 이와 관련 “신고에 의해 일시적으로 게시 보류돼 내용 확인 중‘이라고 설명했다.
네이버웹툰은 향후 ’이세계 퐁퐁남‘에 대한 신고 내용 적절성에 대해 외부 자문위원회와 함께 판단하겠다고 밝혔다.
 [사진출처 = 네이버웹툰]
이세계 퐁퐁남은 가정을 위해 헌신한 남성이 어느 날 아내가 바람을 피는 장면을 목격하면서 생긴 내용을 담고 있다. 남성은 아내와 이혼을 하려했으나 오히려 아내에게 재산 대부분을 빼앗긴 뒤 우연한 계기로 다른 세계로 건너간 이야기를 담고 있다.
이를 두고 일각에서 여성 혐오 표현과 내용이 들어갔다는 비판이 제기됐고, 지난 9월 네이버웹툰 공모전 1차 심사를 통과하자 이용자들의 환불 요구 및 회원 탈퇴 등 불매운동이 이어졌다.
네이버웹툰은 결국 지난 22일 이세계 퐁퐁남을 네이버웹툰 공모전에서 최종 탈락시켰다.
",https://n.news.naver.com/mnews/article/009/0005402038?sid=102
네이버,불매에 무릎 꿇은 네이버...'퐁퐁남' 공모전 탈락,2024-11-22 09:42:05,"
여성혐오 표현이 담긴 제목의 아마추어 웹툰 '이세계 퐁퐁남'이 네이버웹툰 공모전에서 최종 탈락했다.
22일 네이버웹툰 발표에 따르면 '2024 지상최대공모전' 2기 최종 수상작에 '이세계 퐁퐁남'은 포함되지 않았다.
이 웹툰은 부인에게 배신당하고, 이혼으로 재산의 상당 부분을 빼앗긴 뒤 우연히 다른 세계로 건너간 남성의 이야기를 담았다.
'퐁퐁남'은 연애 경험이 많은 여성이 경제적 조건을 따져 결혼한 남자를 뜻하는 인터넷 신조어로, 여성혐오적 표현이라는 지적을 받아왔다. 웹툰 내용에도 여성혐오 표현과 내용이 담겨 논란이 됐다.
'이세계 퐁퐁남'이 지난 9월 25일 지상최대공모전 1차 심사를 통과하자 여성 독자들을 중심으로 불매운동까지 벌어졌다.
이달 초에는 이용자 100여명이 경기 성남시 네이버 그린팩토리 건물 앞으로 항의성 트럭과 근조화환을 보내는 시위를 벌이기도 했다.
네이버웹툰은 논란 이후 처음 공모전과 관련해 공식 사과에 나섰다.
네이버웹툰은 별도 공지에서 ""최근 공모전 관련 이슈로 독자 및 웹툰 창작자에게 불편과 심려를 끼쳐 드린 점에 대해 진심으로 사과드린다""고 밝혔다.
그러면서 ""플랫폼과 만화 산업 및 창작 분야 전문가들로 구성된 외부 자문위원회를 마련하겠다""며 ""자문위원이 공모전을 포함한 전체 콘텐츠 서비스의 현행 운영 정책을 검토할 수 있도록 협조하겠다""고 말했다.
(사진=연합뉴스)
",https://n.news.naver.com/mnews/article/215/0001188776?sid=004
네이버,[자막뉴스] '퐁퐁남' 최종 수상작에 없다…고개 숙인 네이버웹툰,2024-11-22 11:14:38,"
			네이버웹툰 공모전에서 여성 혐오 논란을 빚은 '이세계 퐁퐁남'이 최종 탈락했습니다.
오늘(22일) 네이버웹툰에 따르면 '2024 지상최대공모전' 2기 최종 수상작에서 해당 작품은 찾아볼 수 없습니다.
'이세계 퐁퐁남'은 부인에게 배신당하고 이혼으로 재산의 상당 부분을 빼앗긴 뒤 우연한 계기로 다른 세계로 건너간 남성의 이야기입니다.
주인공 남성은 스스로를 주방 세제에서 이름을 따온 '퐁퐁남'이라 소개하는데, 해당 용어 자체가 연애 경험이 많은 여성과 결혼하는 걸 설거지에 비유하기 때문에 '혐오 표현'으로 지적받아왔습니다.
웹툰 내용에도 여성혐오 표현과 내용이 담겨 비판이 거센 상황에서 해당 작품이 공모전 1차 심사를 통과하자 네이버웹툰 불매운동으로 번졌습니다.
이달 초에는 웹툰 이용자들이 경기 성남시에 있는 그린팩토리 건물 앞에 근조화환을 보내 항의의 뜻을 표시하기도 했습니다.
네이버웹툰은 공모전과 관련해 공식 사과했습니다.
별도 공지문을 통해 ""최근 공모전 관련 이슈로 독자 및 웹툰 창작자에게 불편과 심려를 끼쳐 드린 점에 대해 진심으로 사과드린다""고 밝혔습니다.
이어 ""플랫폼과 만화 산업 및 창작 분야 전문가들로 구성된 외부 자문위원회를 마련하겠다""며 ""자문위원이 공모전을 포함한 전체 콘텐츠 서비스의 현행 운영 정책을 검토할 수 있도록 협조하겠다""고 설명했습니다.
(취재 : 최고운 / 영상취재 : 배문산 / 영상편집 : 소지혜 / 제작 : 디지털뉴스편집부)
",https://n.news.naver.com/mnews/article/055/0001208540?sid=102
네이버,팀네이버-수출입은행 맞손…'사우디 디지털트윈' 사업 탄력,2024-11-22 09:50:52,"
해외개발사업 공동 발굴, 정책금융지원 협력
'제2호', '제3호' 중동 IT기술 수출 사업 탄생 기대
[서울=뉴시스] 네이버, 네이버클라우드와 한국수출입은행(수은)이 첨단 IT 기술 기반의 글로벌 사업 진출 경쟁력 강화를 위한 업무협약(MOU)을 체결했다고 22일 밝혔다. 전날 경기 성남시 네이버 1784에서 진행된 협약식 기념촬영. (왼쪽부터) 석상옥 네이버랩스 대표, 김유원 네이버클라우드 대표, 채선주 네이버 대외/ESG 정책 대표, 윤희성 한국수출입은행장, 심재선 인프라금융부장, 구자영 비서실장 (사진=네이버 제공) *재판매 및 DB 금지
[서울=뉴시스]윤정민 기자 = 네이버, 네이버클라우드와 한국수출입은행이 첨단 IT 기술 기반의 글로벌 사업 진출 경쟁력 강화를 위한 업무협약(MOU)을 체결했다고 22일 밝혔다.
네이버, 네이버클라우드, 수출입은행은 전날 경기 성남시 네이버 1784에서 협약식을 진행했다. 채선주 네이버 대외·ESG 정책 대표, 김유원 네이버클라우드 대표, 석상옥 네이버랩스 대표와 윤희성 한국수출입은행장 등이 참석했다.
협약에 따르면 IT 기반의 스마트시티 해외개발사업 정보 교환·사업 공동 발굴, 팀네이버가 추진하는 글로벌 사업에 대한 수출입은행의 금융 지원이 골자다.
이번 업무협약을 통해 수출입은행의 금융지원 역량이 뒷받침됨에 따라 사우디아라비아 디지털트윈 구축 사업 등 팀네이버가 추진 중인 첨단 IT 기술 기반 비즈니스의 글로벌 진출 동력이 확고해질 전망이다.
특히 이번 수은과 네이버 간 MOU는 IT기업으로서는 최대 규모의 정책금융지원 등이 이뤄질 수 있는 사례라는 점에 주목된다. 수출입은행은 오래전부터 수출 기업들을 대상으로 한 정책금융지원을 제공하고 있었으나 주로 중동 등 해외 국가 대상의 건설·인프라 등 거래 규모가 큰 곳이 위주였다. 
네이버의 사우디 디지털트윈 구축 사업은 기존 건설이나 일회성 SI(시스템통합) 형태의 사업과는 다른 측면이 있다. 스마트시티, 자율주행 등 시대가 보다 빠르게 다가오며 각 국가의 지도 기반의 인프라 서비스에 대한 중요성이 더욱 주목받고 있기 때문이다.
사우디아라비아의 디지털 기간 인프라를 한국 기술로 구축하는 셈으로 이번 수출입은행의 정책금융지원 등을 통해 '제2호', '제3호' 중동 IT기술 수출 사업들이 탄생할 기반이 마련됐다.
윤 행장은 ""이번 협약으로 팀네이버는 해외사업을 확장하고 수출입은행은 미래산업 포트폴리오 다변화하는 발판을 마련함과 동시에, 건설과 IT 산업 간 융합 시너지 역시 발휘될 것으로 기대된다""며 ""수출입은행은 다양한 금융 수단을 활용해 우리 기업이 추진하는 'K-ICT' 사업의 글로벌 진출을 적극 지원할 것""이라고 말했다.
채 대표는 ""팀네이버의 글로벌 진출은 오랫동안 축적해 온 기술력뿐 아니라 우수한 파트너들이 함께 있었기에 가능한 것이라 생각한다""며 ""첨단 기술 R&D에 지속적으로 투자하는 한편, 국내·외 다양한 파트너들과 함께 팀네이버의 글로벌 경쟁력을 더욱 키워 나갈 수 있도록 노력하겠다""고 말했다.
",https://n.news.naver.com/mnews/article/003/0012918525?sid=105
네이버,"네이버, MY플레이스 개인화 플랫폼 개편",2024-11-22 17:49:12,"
네이버, 마이플레이스 개인 일상 최적화 개편 
일정 및 예약 알림 등 서비스 제공
네이버가 22일 마이플레이스를 개인화 개편했다. /네이버
네이버가 MY플레이스(마이플레이스)를 리뷰 플랫폼에서 이용자가 로컬 경험 전반을 관리하는 개인화 플랫폼으로 개편한다고 22일 밝혔다. 개편된 MY플레이스는 네이버앱·웹, 네이버 지도앱 MY탭에서 만나볼 수 있다. 네이버 지도는 12월 중 지도앱 업데이트를 통해, 이용자가 모바일 환경에 한층 최적화된 사용성을 경험할 수 있도록 지원할 예정이다.
2019년 출시된 MY플레이스는 로컬 리뷰 플랫폼으로서, 이용자가 재미있게 장소 방문 경험을 기록하고, 다양한 리뷰를 살펴보며 취향에 맞는 장소를 발견할 수 있도록 지원해왔다. 이번 개편을 통해 MY플레이스는 로컬 리뷰 플랫폼에서 나아가, 이용자가 로컬 관련 활동 내역을 편리하게 모아볼 수 있는 통합 플랫폼으로 외연을 넓히게 됐다. 이제 이용자는 MY플레이스에서 리뷰를 작성하는 것은 물론, 예약 내역 및 주문 현황, 기차 승차권 정보, 장소 방문 타임라인 등을 한눈에 확인할 수 있다.
개편된 MY플레이스는 예약, 지도, 플레이스 리뷰 등 네이버의 다양한 로컬 서비스의 시너지를 강화해, 이용자의 활동 내역을 바탕으로 개인 맞춤형 로컬 콘텐츠를 제공한다는 점이 특징이다. 가령, 예약한 장소의 방문 일정이 다가오면, 해당 지역의 날씨와 함께 교통수단별로 소요 시간과 경로를 안내한다.
네이버의 AI(인공지능) 기반 장소 추천 시스템 ‘에어스페이스(AirSPACE)’를 바탕으로, 예약한 음식점 및 숙박 업체 주변에 위치한 가볼 만한 장소들도 추천해준다. 이용자가 예약했던 장소를 따로 검색해 이동 경로를 확인하고, 함께 방문할 장소를 추가로 검색하지 않아도, MY플레이스에서 한번에 확인할 수 있도록 편의성을 높였다.
MY플레이스 내 ‘타임라인’ 탭을 통해 다가오는 예약 일정과 이용 완료한 예약∙주문∙승차권 정보, 방문했던 장소에 남긴 사진∙영상 리뷰 등 다양한 로컬 관련 기록을 모아볼 수 있다. 이용자는 다양한 필터와 날짜 검색 기능을 활용해, 편리하게 활동 내역을 조회하고 관리할 수 있다. 나아가, 최근 방문했거나 리뷰를 작성한 장소들은 지도상 아이콘으로 표기되어 있어, 한층 입체적으로 내 방문 경험을 확인할 수 있다. 네이버는 추후 길찾기 및 내비게이션 길안내 등 네이버 지도를 통한 이동 기록도 ‘타임라인’에서 확인할 수 있도록 지원하며 로컬 서비스간 연결성을 강화할 계획이다.
최지훈 네이버 플레이스 콘텐츠 총괄 리더는 ""네이버는 예약∙주문과 같은 편의 기능부터 플레이스 리뷰, 네이버 지도까지 이용자의 전반적인 여정에 필요한 모든 로컬 서비스 라인업을 갖추고 있다""며 ""개편된 MY플레이스를 통해 이용자가 장소 관련 활동을 한 곳에서 편리하게 확인할 수 있도록 지원하는 동시에 활동 내역과 관련된 가볼 만한 장소도 추천하며, 이용자들의 맞춤형 로컬 서비스로 자리매김해 나갈 계획""이라고 말했다.
발로 뛰는 더팩트는 24시간 여러분의 제보를 기다립니다.
▶카카오톡: '더팩트제보' 검색
▶이메일: jebo@tf.co.kr
▶뉴스 홈페이지: http://talk.tf.co.kr/bbs/report/write
",https://n.news.naver.com/mnews/article/629/0000340944?sid=101
네이버,"""내일 예약한 맛집까지 차로 15분""…네이버, 올인원 맞춤 서비스",2024-11-22 11:30:32,"
리뷰·예약·지도 서비스 한 번에…개인 맞춤형 플랫폼으로
AI가 예약 장소 관련 정보도 추천
(네이버 제공)
(서울=뉴스1) 신은빈 기자 = 네이버(035420)의 장소 검색·추천 서비스 'MY플레이스'가 리뷰 플랫폼에서 개인 맞춤형 콘텐츠 플랫폼으로 탈바꿈한다.
지도, 예약, 승차권 등 장소 관련 정보를 한 번에 확인하고 이용자의 활동 내용을 바탕으로 근처 식당이나 교통수단을 추천받을 수 있다.
네이버는 MY플레이스를 이용자가 로컬(지역) 경험 전반을 관리하는 개인화 플랫폼으로 개편한다고 22일 밝혔다. 예를 들어 예약한 장소의 방문 일정이 다가오면 그 지역의 날씨, 교통수단별 소요 시간, 경로를 함께 안내해 준다.
개편된 MY플레이스는 네이버 애플리케이션(앱)과 웹, 지도 앱의 MY탭에서 확인할 수 있다. 네이버 지도는 다음 달 중 지도 앱 업데이트를 거쳐 모바일 환경에 최적화된 기능을 지원할 예정이다.
네이버의 인공지능(AI) 기반 장소 추천 시스템 '에어스페이스'(AirSPACE)를 바탕으로, 예약한 식당과 숙박 업체 주변의 가볼 만한 장소도 추천한다. 예약 장소를 따로 검색해서 찾아보지 않아도 이동 경로와 함께 방문할 곳을 MY플레이스에서 한 번에 확인할 수 있다.
'타임라인' 탭에서는 다양한 로컬 관련 기록을 모아볼 수 있다. 다가오는 예약 일정, 이용 완료한 예약·주문·승차권 정보, 방문했던 장소에 남긴 사진·영상 리뷰를 한 번에 확인하도록 했다.
특히 필터와 날짜 검색 기능이 있어서 활동 내용 조회가 편리하다. 최근 방문했거나 리뷰를 작성한 곳은 지도상 아이콘으로 표시돼서 방문 경험을 확인하기도 쉽다.
		",https://n.news.naver.com/mnews/article/421/0007922503?sid=105
네이버,"수은, 네이버와 첨단산업 글로벌 진출 위한 MOU 체결",2024-11-22 10:52:09,"
윤희성 한국수출입은행장(오른쪽)과 채선주 네이버 대외·ESG 정책 대표가 21일 '네이버 1784 사옥'에서 '글로벌 진출 경쟁력 강화를 위한 상호 협력 MOU'를 체결한 뒤 기념사진을 촬영하고 있다.
(서울=뉴스1) 박동해 기자 = 한국수출입은행(수은)은 지난 21일 네이버 및 네이버클라우드와 '글로벌 진출 경쟁력 강화를 위한 상호협력 업무협약(MOU)'를 체결했다고 22일 밝혔다.
이번 업무협약은 수은의 금융지원 역량과 네이버의 ICT 역량을 연계해 첨단산업의 글로벌 진출 경쟁력을 강화하기 위해 마련됐다. 
업무협약을 통해 세 회사는 △해외 ICT 구축, 스마트시티 개발 사업의 정보교환 및 사업 공동 발굴 △팀네이버의 해외사업에 대한 금융지원 등에서 협력하기로 했다. 
특히 수은은 ""네이버가 수주한 사우디아라비아 '디지털 트윈사업'과 같은 사업에서 양사의 협력을 바탕으로 선도적인 해외 진출 사례를 창출할 수 있을 것으로 기대된다""고 밝혔다. 
협약식 이후 윤희성 수은 행장은 ""팀네이버의 해외사업 확장과 수은의 미래산업 포트폴리오 다변화에 발판을 마련함과 동시에, 건설과 IT 산업간 융합 시너지 역시 발휘될 것으로 기대된다""고 말했다.
		",https://n.news.naver.com/mnews/article/421/0007922354?sid=101
네이버,네이버 계열사 임단협 속속 타결…노조 가입률 과반도,2024-11-21 07:00:03,"
스노우·네이버제트 노사 잠정 합의…조합원 투표 앞둬
네이버 본사 로고
[연합뉴스TV 제공]
(서울=연합뉴스) 김현수 기자 = 네이버 노조가 스노우·네이버제트·네이버웹툰·스튜디오 리코 등 올해 처음으로 임금·단체 협상에 나선 계열사 4곳과 모두 임금 합의에 성공했다.
    21일 ICT 업계에 따르면 지난 14일 네이버 노조(민주노총 화섬식품노조 네이버지회·'공동성명')는 스노우, 네이버제트와 임단협에 잠정 합의했다.
    이에 따라 두 법인의 노조 조합원을 대상으로 잠정 합의안에 대한 찬반 투표가 진행될 예정이다.
    네이버 노조에 따르면 네이버웹툰, 스튜디오 리코는 지난달 30일 노사가 임단협에 잠정 합의했으며, 이후 치러진 조합원 투표에서 안건이 모두 가결됐다.
    불경기 속 네이버가 경영 효율화 방침을 밝힌 가운데, 네이버 노조는 이들 4개 법인과 올해 처음으로 임단협에 돌입했다.
    다만 네이버웹툰 노사가 미국 나스닥 상장 후 보상 문제를 놓고 10차례 교섭 끝에 합의점을 찾는 등 합의 과정은 순탄치 않았다.
    스노우와 네이버제트도 지난 5월부터 교섭을 시작해 각각 10차례, 6차례 교섭을 진행한 것으로 알려졌다.
    이들 4개 법인을 포함해 네이버 노조는 올해 들어 네이버 13개 계열사와 협상을 진행했으며, 아직 노조와 교섭이 진행 중인 네이버 계열사는 IPX(구 라인프렌즈) 한 곳이다.
    이런 가운데 네이버 계열사 가운데 노조 가입률이 50%를 넘기는 사례가 생겨나며 노사 협상에서 노조의 영향력이 커질 전망이다.
    네이버 노조에 따르면 엔테크서비스, 네이버웹툰, 네이버제트, 스노우, 스튜디오 리코, 네이버 본사 등 6개 법인의 노조 가입률이 50%를 넘었다.
    hyunsu@yna.co.kr
",https://n.news.naver.com/mnews/article/001/0015058718?sid=102
네이버,빠른정산·후불결제로 소상공인과 상생…네이버페이 '우수기업상',2024-11-22 15:11:19,"
빅데이터·머신러닝 기술에 기반한 금융 생태계 발전 기여 인정
22일 서울 명동 은행회관에서 열린 ‘2024년 은행법학회·한국재무관리학회 추계 공동 학술대회’에서 ‘상생금융 우수기업상’을 수상한 박상진 네이버페이 대표(왼쪽)가 강형구 한국재무관리학회 회장과 기념 촬영을 하고 있다. (네이버페이 제공)
(서울=뉴스1) 신은빈 기자 = 네이버페이가 소상공인을 지원하고 금융 생태계 발전에 기여한 점을 인정받아 한국재무관리학회가 수여하는 '상생금융 우수기업상'을 수상했다.
한국재무관리학회는 22일 서울 명동 은행회관에서 '금융의 사회적 책임과 내부통제'를 주제로 '2024년 은행법학회·한국재무관리학회 추계 공동 학술대회'를 개최했다. 
이날 학술대회에서 네이버페이는 상생 금융 제공에 선도적인 역할을 한 점을 높이 평가 받아 우수 기업으로 선정됐다.
우선 빅데이터와 머신러닝 기술 기반의 위험거래탐지시스템(FDS)을 활용한 '빠른정산' 서비스가 주요 기능으로 꼽혔다.
네이버페이 '빠른정산'은 배송 시작 다음 날에 정산 대금의 100%를 무료로 지급한다. 2020년 출시 후 올해 7월까지 정산 대금 40조 원을 지급했고, 소상공인의 금융 비용 절감 효과는 약 1800억 원에 달한다.
금융 정보에 비금융 정보를 결합한 대안신용평가(ACSS) 모형을 활용한 '후불결제' 서비스도 높이 평가 받았다. 금융 이력이 부족한 신파일러(금융 거래가 거의 없어 관련 서류가 얇은 고객)여도 온라인 구매나 스마트폰 사용 이력 등 비금융 정보를 바탕으로 신용 점수를 평가받아 후불결제를 이용할 수 있도록 했다.
그 밖에도 '스마트스토어 사업자대출'을 통해 금융 서비스에서 소외돼 왔던 온라인 사업자에게 금융 기회를 제공한 점이 좋은 평가를 받았다.
7월 개시한 '네이버페이 마이비즈' 서비스는 소상공인들이 사업을 한눈에 통합 관리하고, 정책지원금 등 사업에 필요한 금융 서비스를 맞춤형으로 추천받을 수 있도록 한다.
		",https://n.news.naver.com/mnews/article/421/0007922986?sid=105
네이버,"네이버 ""모바일로도 3D 아바타 라이브 방송""…'버튜버' 기능 출시",2024-11-20 10:30:26,"
네이버 '프리즘 라이브 스튜디오' 기능 업데이트
VRM 포맷 스트리밍 분야 최초 모바일 적용
아바타 위치·크기·움직임 감도·조명 설정 가능
[서울=뉴시스] 네이버는 '프리즘 라이브 스튜디오' 앱에 3D 아바타 라이브 송출이 가능한 '버튜버(VTuber)'를 출시했다고 20일 밝혔다. (사진=네이버 제공) *재판매 및 DB 금지
[서울=뉴시스]윤정민 기자 = 네이버는 '프리즘 라이브 스튜디오' 앱에 3D 아바타 라이브 송출이 가능한 '버튜버(VTuber)' 기능을 출시했다고 20일 밝혔다.
네이버 프리즘 라이브 스튜디오는 PC와 모바일의 모든 환경에서 손쉽게 라이브 스트리밍하고 동영상을 편집할 수 있는 멀티 플랫폼이다. 전 세계 200여개 국가에서 사용되고 있다. 일일 최소 5만명의 사용자가 10만개의 라이브 스트리밍을 송출하고 있다.
네이버는 그동안 PC를 통해서만 송출할 수 있었던 3D 아바타 라이브 방송을 모바일에서도 송출할 수 있도록 기능을 고도화했다고 설명했다. 아바타 라이브에서 가장 범용적으로 사용되고 있는 가상현실 모델(VRM) 포맷을 스트리밍 분야 최초로 모바일에 적용했다. 이로써 별도 추가 장비 없이 모바일로 3D 아바타 라이브를 송출할 수 있게 됐다.
또 사용자 간 3D 아바타 캐릭터 이미지를 공유하는 글로벌 플랫폼 '브이로이드허브(VRoidHub)' 로그인 방식을 동일하게 적용했다.
[서울=뉴시스] 네이버는 '프리즘 라이브 스튜디오' 앱에 3D 아바타 라이브 송출이 가능한 '버튜버(VTuber)'를 출시했다고 20일 밝혔다. (사진=네이버 제공) *재판매 및 DB 금지
버튜버는 자연스러운 3D 아바타 라이브 스트리밍을 진행할 수 있도록 다양한 옵션을 추가로 제공한다. 라이브 화면 내 아바타의 위치와 크기를 사용자가 직접 조정할 수 있다. 아바타의 움직임 감도도 설정할 수 있다. 조명 색상과 감도, 배경을 선택해 콘텐츠에 어울리는 아바타 모습도 연출할 수 있다.
사용자 표정을 아바타에 실시간으로 적용하는 것 외에도 시청자와의 소통을 극대화하기 위해 기쁨, 행복, 화남, 슬픔, 즐거움 등 강화된 감정 기능을 함께 활용할 수 있다. 데스크, 마이크 등의 아이템과 다양한 배경 이미지도 추가로 선택할 수 있다.
",https://n.news.naver.com/mnews/article/003/0012913889?sid=105
